paymentdate,id,affiliate_id,affiliate,payment_range,payment_amount,details,action,amount
12/30/2025,527,35272,Mertyoz,12/22/2025 - 12/28/2025,66456.6,EQ EQ,Remove,
12/27/2025,526,35597,junji2,12/15/2025 - 12/21/2025,20200,KR EQ,Remove,
12/27/2025,525,35180,jonathanvareymitchell,12/15/2025 - 12/21/2025,37200,KR EQ,Remove,
12/27/2025,524,35198,junjix,12/15/2025 - 12/21/2025,5600,KR EQ,Remove,
12/24/2025,523,35607,JamieLeon,12/15/2025 - 12/21/2025,3476.9,EQ EQ,Remove,
12/22/2025,522,35281,tradingcentalfx,11/1/2025 - 11/30/2025,2793,Un Gl,Remove,
12/22/2025,521,35272,Mertyoz,12/15/2025 - 12/21/2025,75514,EQ EQ 86K,Remove,
12/22/2025,520,35314,DRIVADAVE,12/1/2025 - 12/15/2025,3000,UN GL,Remove,
12/22/2025,519,35314,DRIVADAVE,11/1/2025 - 11/30/2025,500,UN GL,Remove,
12/22/2025,518,35389,rvstyfx,11/1/2025 - 11/30/2025,600,UN GL,Remove,
12/18/2025,517,35597,junji2,12/8/2025 - 12/14/2025,9200,KR EQ,Remove,
12/18/2025,516,35198,junjix,12/8/2025 - 12/14/2025,2600,CR GL,Remove,
12/18/2025,515,35180,jonathanvareymitchell,12/8/2025 - 12/14/2025,19930,KR EQ,Remove,
12/17/2025,514,35263,fxnhsignals,11/1/2025 - 11/30/2025,7447,UN GL,Remove,
12/17/2025,513,35164,FundedFast,11/1/2025 - 11/30/2025,1400,UN GL,Remove,
12/16/2025,512,35394,SanderOever,11/1/2025 - 11/30/2025,18000,EQ EQ,Remove,
12/16/2025,511,35465,Billionairetrading,11/1/2025 - 11/30/2025,2666,UN GL,Remove,
12/15/2025,509,35607,JamieLeon,12/1/2025 - 12/14/2025,5265.2,EQ EQ,Remove,
12/15/2025,508,35272,Mertyoz,12/8/2025 - 12/14/2025,93600,EQ EQ,Remove,
12/12/2025,507,35638,Dunnyfxt,11/1/2025 - 11/30/2025,3500,UN GL,Remove,
12/12/2025,506,35284,fxnltrading,11/1/2025 - 11/30/2025,3000,KR EQ,Remove,
12/12/2025,505,35224,theforexcomplex,11/1/2025 - 11/30/2025,11550,Kr Eq,Remove,
12/12/2025,504,35198,junjix,12/1/2025 - 12/7/2025,4200,KR EQ,Remove,
12/12/2025,503,35180,jonathanvareymitchell,12/1/2025 - 12/7/2025,27130,KR EQ,Remove,
12/12/2025,502,35597,junji2,12/1/2025 - 12/7/2025,20600,KR EQ,Remove,
12/11/2025,497,35477,frenibusiness,11/1/2025 - 11/30/2025,6793,Un Gl,Remove,
12/10/2025,496,35596,Robert,11/1/2025 - 11/30/2025,6000,3rd pmnt Nov Un Gl,Remove,
12/9/2025,495,35060,Cantax,11/1/2025 - 11/30/2025,19750,Rapyd M,Remove,
12/9/2025,494,35576,armaster,11/1/2025 - 11/30/2025,800,Un Gl,Remove,
12/8/2025,493,35272,Mertyoz,12/1/2025 - 12/7/2025,117000,EQ EQ,Remove,
12/8/2025,492,35596,Robert,11/1/2025 - 11/30/2025,9736,KR EQ,Remove,
12/8/2025,491,35596,Robert,11/1/2025 - 11/30/2025,2892,KR EQ,Remove,
12/8/2025,490,35427,aff.bullwaves,11/1/2025 - 11/30/2025,13150,Rapyd M,Remove,
12/8/2025,489,35271,ForexAffiliateMasterclass,11/1/2025 - 11/30/2025,10300,KR EQ,Remove,
12/8/2025,488,35270,WealthWave,11/1/2025 - 11/30/2025,127000,KR EQ,Remove,
12/7/2025,498,35180,jonathanvareymitchell,11/1/2025 - 11/30/2025,60000,october bonus,Remove,
12/5/2025,487,35198,junjix,11/24/2025 - 11/30/2025,1350,KR EQ,Remove,
12/5/2025,486,35597,junji2,11/30/2025 - 11/30/2025,28400,Kr EQ,Remove,
12/5/2025,485,35180,jonathanvareymitchell,11/24/2025 - 11/30/2025,43800,UN EQ,Remove,
12/5/2025,484,35273,Fredtrading,11/1/2025 - 11/30/2025,129831,,Remove,
12/4/2025,483,35112,mvmarketing,11/1/2025 - 11/30/2025,16961,Rap GL Eur,Remove,
12/4/2025,482,35112,mvmarketing,11/1/2025 - 11/30/2025,35500,KR GL,Remove,
12/4/2025,481,35234,Anthhony,2/1/2025 - 11/30/2025,800,Eq EQ,Remove,
12/4/2025,480,35431,dutrades,11/1/2025 - 11/30/2025,950,KR EQ,Remove,
12/4/2025,479,35583,basil-tyrone,11/1/2025 - 11/30/2025,4320,KR EQ,Remove,
12/4/2025,478,35429,basil-hannah,11/1/2025 - 11/30/2025,28850,KR EQ,Remove,
12/4/2025,477,35197,Basilatwani,11/1/2025 - 11/30/2025,100250,KR EQ,Remove,
12/3/2025,476,35607,JamieLeon,11/1/2025 - 11/30/2025,6961.55,EQ EQ,Remove,
12/3/2025,475,35392,legend_circle,11/1/2025 - 11/30/2025,2000,UN GL,Remove,
12/3/2025,474,35231,MoonAff,11/1/2025 - 11/30/2025,30650,KR EQ,Remove,
12/3/2025,473,35637,Loconsole,11/1/2025 - 11/30/2025,2050,UN GL,Remove,
12/3/2025,472,35254,Nardo99,11/1/2025 - 11/30/2025,1800,Un GL,Remove,
12/2/2025,471,35180,jonathanvareymitchell,11/17/2025 - 11/23/2025,47400,UN GL,Remove,
12/2/2025,470,35597,junji2,11/17/2025 - 11/23/2025,22400,UN GL,Remove,
12/2/2025,469,35262,mastermelo,11/1/2025 - 11/30/2025,1200,kr,Remove,
12/2/2025,468,35227,melofx,11/1/2025 - 11/30/2025,72000,kr,Remove,
12/1/2025,467,35272,Mertyoz,11/28/2025 - 11/30/2025,7000,we are bringing the balance to 0 and from now onwards keep paying looking at the balance,Remove,
12/1/2025,466,35461,vanmanhlh@gmail.com,8/1/2025 - 12/1/2025,715.04,Added to trading account 1210028,Remove,
11/28/2025,465,35272,Mertyoz,11/24/2025 - 11/28/2025,91800,Kr Eq F,Remove,
11/25/2025,462,35475,fxgodfather,10/1/2025 - 10/31/2025,5767,UN GL,Remove,
11/25/2025,461,35272,Mertyoz,11/17/2025 - 11/23/2025,93800,eq eq,Remove,
11/25/2025,459,35575,NextStar,10/1/2025 - 11/16/2025,6900,Eq Eq,Remove,
11/24/2025,458,35597,junji2,11/10/2025 - 11/16/2025,33200,KR EQ,Remove,
11/24/2025,457,35198,junjix,11/10/2025 - 11/16/2025,3000,Cr Gl,Remove,
11/24/2025,456,35180,jonathanvareymitchell,11/10/2025 - 10/16/2025,41000,Kr Eq,Remove,
11/17/2025,454,35394,SanderOever,10/1/2025 - 10/31/2025,49600,INV  2025-01711 - OCT,Remove,
11/17/2025,453,35465,Billionairetrading,10/1/2025 - 10/31/2025,6369,Cr UN GL,Remove,
11/17/2025,452,35272,Mertyoz,11/10/2025 - 11/16/2025,113800,PAID 127.800 IN AED EQ,Remove,
11/17/2025,451,35164,FundedFast,10/1/2025 - 10/31/2025,4700,Un Gl,Remove,
11/17/2025,450,35272,Mertyoz,11/3/2025 - 11/9/2025,130450,,Remove,
11/14/2025,449,35263,fxnhsignals,8/1/2025 - 8/31/2025,2000,11750 +2k Aug adj,Remove,
11/14/2025,448,35263,fxnhsignals,10/1/2025 - 10/31/2025,11750,11750 + 2k aug,Remove,
11/14/2025,446,35235,DefiCreators,10/1/2025 - 10/31/2025,1437,un gl,Remove,
11/13/2025,445,35576,armaster,10/1/2025 - 10/31/2025,325,,Remove,
11/13/2025,444,35180,jonathanvareymitchell,11/3/2025 - 11/9/2025,71800,,Remove,
11/13/2025,443,35198,junjix,11/3/2025 - 11/9/2025,5400,,Remove,
11/13/2025,442,35597,junji2,11/1/2025 - 11/9/2025,11800,,Remove,
11/13/2025,441,35224,theforexcomplex,10/1/2025 - 10/31/2025,17600,paid with Pr 6080,Remove,
11/13/2025,440,35284,fxnltrading,10/1/2025 - 10/31/2025,1651,UN GL,Remove,
11/12/2025,439,35256,diamondfc1,10/1/2025 - 10/31/2025,15050,Eq Eq,Remove,
11/12/2025,438,35138,diamondfc,10/1/2025 - 10/31/2025,249,Eq Eq,Remove,
11/12/2025,437,35399,KeanuxTrade,10/1/2025 - 10/31/2025,550,Eq Eq,Remove,
11/11/2025,436,35144,ajmudronja2,9/1/2025 - 9/30/2025,25000,past pmnt,Remove,
11/11/2025,435,35175,ActeonCapitalG,10/1/2025 - 10/31/2025,20295,Eq Eq Eur 17539,Remove,
11/11/2025,434,35392,legend_circle,10/1/2025 - 10/31/2025,1000,UN GL,Remove,
11/11/2025,433,35254,Nardo99,10/1/2025 - 10/31/2025,1800,UN EQ,Remove,
11/11/2025,432,35477,frenibusiness,10/1/2025 - 10/31/2025,8600,Un Gl,Remove,
11/11/2025,431,35231,MoonAff,10/1/2025 - 10/31/2025,55800,KR EQ,Remove,
11/11/2025,430,35529,alphatrade,10/1/2025 - 10/31/2025,8655,Paid - Un Gl,Remove,
11/11/2025,429,35060,Cantax,10/1/2025 - 10/31/2025,5344,Un Moon,Remove,
11/11/2025,428,35060,Cantax,10/1/2025 - 10/31/2025,25998,Eq Eq,Remove,
11/10/2025,420,35427,aff.bullwaves,10/1/2025 - 10/31/2025,15850,Un Gl Cr,Remove,
11/10/2025,419,35270,WealthWave,10/1/2025 - 10/31/2025,233197,Kr Cr,Remove,
11/10/2025,418,35271,ForexAffiliateMasterclass,10/1/2025 - 10/31/2025,19200,Un Eq Cr,Remove,
11/10/2025,417,35423,fxtradinggroup,10/1/2025 - 10/31/2025,17300,"13 F &amp"";"" 10.9 paid - Cr Uni Gl",Remove,
11/10/2025,416,35281,tradingcentalfx,10/1/2025 - 10/31/2025,5300,Cr Un Gl,Remove,
11/6/2025,463,35198,junjix,10/27/2025 - 11/2/2025,6800,KR,Remove,
11/6/2025,414,35180,jonathanvareymitchell,10/27/2025 - 11/2/2025,147400,,Remove,
11/6/2025,413,35541,danknight,10/1/2025 - 10/31/2025,5000,,Remove,
11/6/2025,412,35597,junji2,10/1/2025 - 10/31/2025,16400,,Remove,
11/5/2025,411,35262,mastermelo,10/1/2025 - 10/31/2025,1650,,Remove,
11/5/2025,410,35469,mastermelo300,10/1/2025 - 10/31/2025,2100,,Remove,
11/5/2025,409,35227,melofx,10/1/2025 - 10/31/2025,83000,added bonus,Remove,
11/5/2025,408,35314,DRIVADAVE,10/1/2025 - 10/31/2025,3500,un cr gl,Remove,
11/5/2025,407,35431,dutrades,10/1/2025 - 10/31/2025,4700,kr cr,Remove,
11/5/2025,406,35583,basil-tyrone,10/1/2025 - 10/31/2025,3410,kr cr,Remove,
11/5/2025,405,35429,basil-hannah,10/1/2025 - 10/31/2025,34400,kr cr,Remove,
11/5/2025,404,35197,Basilatwani,10/1/2025 - 10/31/2025,100950,Kr Cr,Remove,
11/4/2025,403,35466,Sekmani1962,9/1/2025 - 11/4/2025,2595.12,Commission credited to account 925505,Remove,
11/4/2025,397,35273,Fredtrading,10/1/2025 - 10/31/2025,229033,,Remove,
11/3/2025,396,35272,Mertyoz,11/1/2025 - 11/2/2025,19400,01.11.2025 - 02.11.2025 Eq W,Remove,
11/3/2025,395,35272,Mertyoz,10/27/2025 - 10/31/2025,79400,27.10.2025 - 31.10.2025 Eq w,Remove,
11/3/2025,394,35272,Mertyoz,10/27/2025 - 10/31/2025,30000,27.10.2025 - 31.10.2025 - Kr c,Remove,
10/30/2025,393,35180,jonathanvareymitchell,10/20/2025 - 10/26/2025,88000,,Remove,
10/30/2025,392,35198,junjix,10/20/2025 - 10/26/2025,3000,,Remove,
10/27/2025,402,35180,jonathanvareymitchell,9/1/2025 - 9/30/2025,40000,september bonus,Remove,
10/27/2025,391,35540,masterjunji,9/1/2025 - 10/27/2025,1800,,Remove,
10/27/2025,390,35272,Mertyoz,10/20/2025 - 10/26/2025,178400,20.10.2025 - 26.10.2025 - WIRE,Remove,
10/24/2025,389,35180,jonathanvareymitchell,10/13/2025 - 10/19/2025,55000,,Remove,
10/24/2025,388,35198,junjix,10/13/2025 - 10/19/2025,4400,,Remove,
10/24/2025,386,35465,Billionairetrading,9/1/2025 - 9/30/2025,4600,crypto M,Remove,
10/24/2025,385,35314,DRIVADAVE,10/1/2025 - 10/15/2025,2000,crypto 01-15.10.25,Remove,
10/24/2025,384,35314,DRIVADAVE,9/1/2025 - 9/30/2025,2400,overall diff crypto Sept,Remove,
10/24/2025,383,35314,DRIVADAVE,8/1/2025 - 8/31/2025,500,Aug Crypto,Remove,
10/24/2025,382,35314,DRIVADAVE,6/1/2025 - 6/30/2025,3000,Crypto  - June,Remove,
10/20/2025,381,35198,junjix,10/6/2025 - 10/12/2025,7800,,Remove,
10/20/2025,380,35180,jonathanvareymitchell,10/6/2025 - 10/12/2025,46580,,Remove,
10/20/2025,379,35272,Mertyoz,10/13/2025 - 10/19/2025,100250,wire E,Remove,
10/20/2025,378,35272,Mertyoz,10/13/2025 - 10/19/2025,48000,crypto M,Remove,
10/20/2025,377,35403,dominguero,9/1/2025 - 9/30/2025,1460,Crypto M,Remove,
10/20/2025,376,35402,joel,9/1/2025 - 9/30/2025,146,crypto M,Remove,
10/17/2025,375,35164,FundedFast,9/1/2025 - 9/30/2025,5550,crypto,Remove,
10/15/2025,374,35475,fxgodfather,9/1/2025 - 9/30/2025,4750,crypto,Remove,
10/15/2025,373,35060,Cantax,9/1/2025 - 9/30/2025,38883,Crypto,Remove,
10/15/2025,372,35302,bridges,9/1/2025 - 9/30/2025,2400,crypto,Remove,
10/15/2025,371,35302,bridges,8/1/2025 - 8/31/2025,300,crypto,Remove,
10/15/2025,370,35302,bridges,7/1/2025 - 7/31/2025,1700,crypto,Remove,
10/15/2025,369,35302,bridges,6/1/2025 - 6/30/2025,2950,crypto,Remove,
10/15/2025,368,35302,bridges,5/1/2025 - 5/31/2025,3150,crypto,Remove,
10/15/2025,367,35143,ajmudronja,9/1/2025 - 9/30/2025,1800,,Remove,
10/15/2025,366,35461,vanmanhlh@gmail.com,9/1/2025 - 9/30/2025,226.4,crypto,Remove,
10/14/2025,359,35272,Mertyoz,10/6/2025 - 10/12/2025,99200,wire,Remove,
10/13/2025,447,35060,Cantax,9/1/2025 - 9/30/2025,37213,inv 10184,Remove,
10/13/2025,427,35060,Cantax,9/1/2025 - 9/30/2025,8626,Cr ETX Rap,Remove,
10/13/2025,358,35272,Mertyoz,10/6/2025 - 10/12/2025,70000,crypto,Remove,
10/10/2025,357,35263,fxnhsignals,9/1/2025 - 9/30/2025,10218,,Remove,
10/10/2025,356,35180,jonathanvareymitchell,9/29/2025 - 10/5/2025,48050,,Remove,
10/10/2025,355,35198,junjix,9/29/2025 - 10/5/2025,9330,,Remove,
10/10/2025,354,35284,fxnltrading,9/1/2025 - 9/30/2025,3200,,Remove,
10/10/2025,353,35271,ForexAffiliateMasterclass,9/1/2025 - 9/30/2025,13500,,Remove,
10/10/2025,352,35427,aff.bullwaves,9/10/2025 - 9/30/2025,5850,,Remove,
10/10/2025,351,35228,fabi69,8/1/2025 - 8/31/2025,6200,,Remove,
10/9/2025,415,35270,WealthWave,8/1/2025 - 10/31/2025,101461,Kr Cr,Remove,
10/9/2025,350,35347,Saix004,9/1/2025 - 9/30/2025,10000,"3900&amp"";""6100",Remove,
10/9/2025,349,35228,fabi69,9/1/2025 - 9/30/2025,26700,,Remove,
10/8/2025,348,35224,theforexcomplex,9/1/2025 - 9/30/2025,16100,paid with Prop plus 5400 = 21500,Remove,
10/8/2025,347,35394,SanderOever,9/1/2025 - 9/30/2025,38000,,Remove,
10/8/2025,346,35394,SanderOever,8/1/2025 - 8/31/2025,800,,Remove,
10/8/2025,345,35261,Liukmane,3/1/2025 - 9/30/2025,1700,600+300+800,Remove,
10/8/2025,344,35314,DRIVADAVE,9/16/2025 - 9/30/2025,5500,,Remove,
10/7/2025,343,35256,diamondfc1,9/1/2025 - 9/30/2025,12601,,Remove,
10/7/2025,342,35254,Nardo99,9/1/2025 - 9/30/2025,2400,,Remove,
10/7/2025,341,35246,Elcarist4,9/1/2025 - 9/30/2025,1877,,Remove,
10/7/2025,340,35477,frenibusiness,9/1/2025 - 9/30/2025,1907,,Remove,
10/7/2025,339,35529,alphatrade,9/1/2025 - 9/30/2025,347,,Remove,
10/7/2025,338,35231,MoonAff,9/1/2025 - 9/30/2025,19000,,Remove,
10/6/2025,333,35272,Mertyoz,9/29/2025 - 10/5/2025,497600,,Remove,
10/6/2025,328,35529,alphatrade,9/1/2025 - 9/30/2025,2515,,Remove,
10/4/2025,327,35273,Fredtrading,9/1/2025 - 9/30/2025,364245,,Remove,
10/3/2025,422,35429,basil-hannah,9/1/2025 - 9/30/2025,24850,Un Gl,Remove,
10/3/2025,332,35197,Basilatwani,9/1/2025 - 9/30/2025,117950,paid via crypto - TNUQL7ygLNrEygZM6YVEPZvid9hQ6jL61k,Remove,
10/3/2025,326,35399,KeanuxTrade,9/1/2025 - 9/30/2025,700,,Remove,
10/2/2025,325,35198,junjix,9/22/2025 - 9/28/2025,3600,,Remove,
10/2/2025,324,35180,jonathanvareymitchell,9/22/2025 - 9/28/2025,35400,,Remove,
10/2/2025,322,35290,masternl,8/11/2025 - 8/24/2025,6000,,Remove,
10/2/2025,321,35290,masternl,9/8/2025 - 9/21/2025,4000,,Remove,
10/2/2025,319,35423,fxtradinggroup,8/25/2025 - 9/7/2025,2275,,Remove,
10/2/2025,318,35423,fxtradinggroup,8/11/2025 - 8/24/2025,26800,,Remove,
10/2/2025,317,35262,mastermelo,9/1/2025 - 9/30/2025,2250,,Remove,
10/2/2025,316,35227,melofx,9/1/2025 - 9/30/2025,29400,,Remove,
10/2/2025,315,35469,mastermelo300,9/1/2025 - 9/30/2025,24300,,Remove,
10/2/2025,314,35456,RenatoRL,9/1/2025 - 9/30/2025,542.76,,Remove,
9/29/2025,313,35272,Mertyoz,9/22/2025 - 9/28/2025,69600,,Remove,
9/29/2025,312,35144,ajmudronja2,8/1/2025 - 8/31/2025,6000,,Remove,
9/29/2025,311,35143,ajmudronja,8/1/2025 - 8/31/2025,1600,,Remove,
9/25/2025,310,35198,junjix,9/15/2025 - 9/21/2025,13600,,Remove,
9/25/2025,309,35180,jonathanvareymitchell,9/15/2025 - 9/21/2025,63800,,Remove,
9/22/2025,308,35272,Mertyoz,9/15/2025 - 9/21/2025,102000,,Remove,
9/22/2025,307,35314,DRIVADAVE,9/1/2025 - 9/15/2025,3100,,Remove,
9/19/2025,306,35198,junjix,9/8/2025 - 9/14/2025,8850,,Remove,
9/19/2025,305,35180,jonathanvareymitchell,9/8/2025 - 9/14/2025,67930,,Remove,
9/17/2025,304,35271,ForexAffiliateMasterclass,8/1/2025 - 8/31/2025,4100,,Remove,
9/16/2025,303,35263,fxnhsignals,8/1/2025 - 8/31/2025,4800,,Remove,
9/15/2025,337,35272,Mertyoz,9/1/2025 - 9/7/2025,19800,postponed amount paid following week,Remove,
9/15/2025,302,35272,Mertyoz,9/8/2025 - 9/14/2025,25200,,Remove,
9/12/2025,301,35423,fxtradinggroup,8/25/2025 - 9/7/2025,10000,,Remove,
9/12/2025,300,35290,masternl,8/25/2025 - 9/7/2025,87600,,Remove,
9/12/2025,299,35427,aff.bullwaves,8/1/2025 - 8/31/2025,1900,,Remove,
9/12/2025,298,35060,Cantax,8/1/2025 - 8/31/2025,25951,,Remove,
9/12/2025,297,35270,WealthWave,8/1/2025 - 8/31/2025,120900,,Remove,
9/12/2025,296,35284,fxnltrading,8/1/2025 - 8/31/2025,2100,,Remove,
9/12/2025,295,35228,fabi69,8/1/2025 - 8/31/2025,10000,,Remove,
9/11/2025,294,35246,Elcarist4,8/1/2025 - 8/31/2025,1096,,Remove,
9/11/2025,293,35310,jordanbutler1,8/1/2025 - 8/31/2025,5050,,Remove,
9/11/2025,292,35389,rvstyfx,8/1/2025 - 8/31/2025,400,,Remove,
9/11/2025,291,35392,legend_circle,8/1/2025 - 8/31/2025,650,,Remove,
9/11/2025,290,35254,Nardo99,7/1/2025 - 7/31/2025,2400,,Remove,
9/11/2025,289,35306,pavlosaff,7/1/2025 - 8/31/2025,3969,,Remove,
9/11/2025,288,35332,IkigaiGroup,8/1/2025 - 8/31/2025,7200,,Remove,
9/11/2025,287,35231,MoonAff,8/1/2025 - 8/31/2025,42407,,Remove,
9/11/2025,286,35180,jonathanvareymitchell,9/1/2025 - 9/7/2025,87250,,Remove,
9/11/2025,285,35198,junjix,9/1/2025 - 9/7/2025,7400,,Remove,
9/11/2025,284,35281,tradingcentalfx,8/1/2025 - 8/31/2025,20717,,Remove,
9/11/2025,283,35261,Liukmane,8/1/2025 - 8/31/2025,1300,,Remove,
9/8/2025,282,35180,jonathanvareymitchell,9/1/2025 - 9/7/2025,71530,,Remove,
9/8/2025,281,35272,Mertyoz,9/8/2025 - 9/14/2025,42000,,Remove,
9/8/2025,280,35272,Mertyoz,9/1/2025 - 9/7/2025,59000,,Remove,
9/8/2025,279,35112,mvmarketing,7/1/2025 - 8/31/2025,78245,,Remove,
9/8/2025,278,35198,junjix,8/25/2025 - 7/31/2025,5200,,Remove,
9/5/2025,276,35402,joel,8/1/2025 - 8/31/2025,3590,,Remove,
9/5/2025,275,35403,dominguero,8/1/2025 - 8/31/2025,6693,,Remove,
9/4/2025,274,35314,DRIVADAVE,8/1/2025 - 8/31/2025,8100,,Remove,
9/4/2025,273,35262,mastermelo,8/1/2025 - 8/31/2025,2550,,Remove,
9/4/2025,272,35227,melofx,8/1/2025 - 8/31/2025,40500,,Remove,
9/4/2025,271,35273,Fredtrading,8/1/2025 - 8/31/2025,99366,,Remove,
9/3/2025,365,35290,masternl,8/11/2025 - 8/24/2025,10100,Crypto,Remove,
9/3/2025,320,35423,fxtradinggroup,8/11/2025 - 8/24/2025,46300,,Remove,
9/2/2025,268,35429,basil-hannah,8/1/2025 - 8/31/2025,19350,,Remove,
9/2/2025,267,35197,Basilatwani,8/1/2025 - 8/31/2025,145950,,Remove,
9/1/2025,336,35272,Mertyoz,8/25/2025 - 8/31/2025,71600,35.8k crypto and 35.8k bank,Remove,
8/30/2025,266,35198,junjix,8/18/2025 - 8/24/2025,2000,,Remove,
8/30/2025,265,35180,jonathanvareymitchell,8/18/2025 - 8/24/2025,44750,,Remove,
8/28/2025,264,35435,btcboost,8/1/2025 - 8/27/2025,40500,,Remove,
8/25/2025,254,35272,Mertyoz,8/18/2025 - 8/24/2025,58400,,Remove,
8/24/2025,262,35212,BCopier,11/1/2024 - 7/31/2025,1359,,Remove,
8/22/2025,253,35198,junjix,8/11/2025 - 8/17/2025,7600,,Remove,
8/22/2025,252,35180,jonathanvareymitchell,8/11/2025 - 8/17/2025,65400,,Remove,
8/21/2025,251,35270,WealthWave,7/1/2025 - 7/31/2025,120751,,Remove,
8/21/2025,250,35314,DRIVADAVE,7/1/2025 - 7/31/2025,2500,,Remove,
8/19/2025,249,35272,Mertyoz,8/11/2025 - 8/17/2025,7800,,Remove,
8/18/2025,248,35272,Mertyoz,8/11/2025 - 8/17/2025,66400,,Remove,
8/16/2025,364,35290,masternl,8/1/2025 - 8/10/2025,15760,crypto: TJ9PFrv1HYdABKvCnKudSY3ksxfMzPNPHC,Remove,
8/16/2025,363,35290,masternl,7/28/2025 - 7/31/2025,1800,crypto: TJ9PFrv1HYdABKvCnKudSY3ksxfMzPNPHC,Remove,
8/15/2025,401,35180,jonathanvareymitchell,7/1/2025 - 7/31/2025,50000,july bonus,Remove,
8/15/2025,244,35349,junjibonus,7/1/2025 - 7/31/2025,50000,,Remove,
8/15/2025,243,35198,junjix,8/4/2025 - 8/10/2025,2400,,Remove,
8/15/2025,242,35180,jonathanvareymitchell,8/4/2025 - 8/10/2025,50200,,Remove,
8/15/2025,241,35271,ForexAffiliateMasterclass,7/1/2025 - 7/31/2025,4300,,Remove,
8/15/2025,240,35271,ForexAffiliateMasterclass,6/1/2025 - 7/31/2025,1700,,Remove,
8/11/2025,239,35263,fxnhsignals,7/1/2025 - 7/31/2025,350,,Remove,
8/11/2025,238,35143,ajmudronja,8/3/2025 - 8/10/2025,10550,,Remove,
8/11/2025,237,35272,Mertyoz,8/3/2025 - 8/10/2025,88800,,Remove,
8/11/2025,236,35228,fabi69,7/1/2025 - 7/31/2025,24300,,Remove,
8/10/2025,263,35205,BrendonM,1/1/2025 - 8/18/2025,137.85,,Remove,
8/10/2025,259,35231,MoonAff,4/1/2025 - 7/31/2025,44693,,Remove,
8/8/2025,501,35198,junjix,8/1/2025 - 8/3/2025,2400,,Remove,
8/8/2025,500,35198,junjix,7/28/2025 - 7/31/2025,3000,,Remove,
8/8/2025,499,35180,jonathanvareymitchell,7/28/2025 - 8/3/2025,42330,,Remove,
8/6/2025,331,35197,Basilatwani,7/1/2025 - 7/31/2025,192050,paid via crypto - TNUQL7ygLNrEygZM6YVEPZvid9hQ6jL61k,Remove,
8/5/2025,455,35227,melofx,7/1/2025 - 7/31/2025,67800,,Remove,
8/4/2025,235,35272,Mertyoz,7/28/2025 - 8/3/2025,104300,,Remove,
8/1/2025,362,35290,masternl,7/14/2025 - 7/27/2025,17900,crypto,Remove,
7/31/2025,234,35198,junjix,7/21/2025 - 7/27/2025,2400,,Remove,
7/31/2025,233,35180,jonathanvareymitchell,7/21/2025 - 7/27/2025,43780,,Remove,
7/28/2025,232,35272,Mertyoz,7/20/2025 - 7/27/2025,103400,,Remove,
7/25/2025,231,35198,junjix,7/14/2025 - 7/20/2025,2900,,Remove,
7/25/2025,230,35180,jonathanvareymitchell,7/14/2025 - 7/20/2025,32000,,Remove,
7/21/2025,229,35310,jordanbutler1,6/1/2025 - 6/30/2025,1300,,Remove,
7/21/2025,228,35272,Mertyoz,7/14/2025 - 7/20/2025,96000,,Remove,
7/18/2025,361,35290,masternl,7/1/2025 - 7/13/2025,18000,crypto,Remove,
7/18/2025,360,35290,masternl,6/16/2025 - 6/30/2025,15200,crypto,Remove,
7/18/2025,270,35224,theforexcomplex,6/1/2025 - 6/30/2025,25540,,Remove,
7/17/2025,227,35281,tradingcentalfx,6/1/2025 - 6/30/2025,11800,,Remove,
7/16/2025,226,35270,WealthWave,6/1/2025 - 6/30/2025,69550,,Remove,
7/15/2025,225,35204,perks,6/1/2025 - 6/30/2025,68,,Remove,
7/15/2025,224,35332,IkigaiGroup,6/1/2025 - 6/30/2025,1350,,Remove,
7/14/2025,223,35272,Mertyoz,7/7/2025 - 7/13/2025,82600,,Remove,
7/10/2025,400,35180,jonathanvareymitchell,6/1/2025 - 6/30/2025,20000,june bonus,Remove,
7/10/2025,261,35310,jordanbutler1,6/1/2025 - 8/31/2025,5200,,Remove,
7/10/2025,258,35256,diamondfc1,6/1/2025 - 7/31/2025,29652,,Remove,
7/10/2025,222,35254,Nardo99,7/1/2025 - 6/30/2025,600,,Remove,
7/10/2025,221,35261,Liukmane,6/1/2025 - 6/30/2025,1000,,Remove,
7/10/2025,220,35180,jonathanvareymitchell,6/1/2025 - 6/30/2025,52900,,Remove,
7/10/2025,219,35349,junjibonus,6/1/2025 - 6/30/2025,20000,,Remove,
7/10/2025,218,35254,Nardo99,6/1/2025 - 6/30/2025,1800,,Remove,
7/10/2025,217,35335,evolutetrading,6/1/2025 - 6/30/2025,816,,Remove,
7/10/2025,216,35348,sebaurbanski,6/1/2025 - 6/30/2025,1000,,Remove,
7/10/2025,215,35347,Saix004,6/1/2025 - 6/30/2025,19500,,Remove,
7/10/2025,214,35228,fabi69,6/1/2025 - 6/30/2025,5100,,Remove,
7/10/2025,213,35284,fxnltrading,6/1/2025 - 6/30/2025,4353,,Remove,
7/8/2025,212,35112,mvmarketing,6/1/2025 - 6/30/2025,74000,,Remove,
7/7/2025,211,35272,Mertyoz,6/30/2025 - 7/6/2025,98400,,Remove,
7/6/2025,210,35262,mastermelo,6/1/2025 - 6/30/2025,15600,,Remove,
7/6/2025,209,35227,melofx,6/1/2025 - 6/30/2025,49600,,Remove,
7/3/2025,208,35307,rayanlewiis,5/1/2025 - 5/31/2025,5000,,Remove,
7/3/2025,207,35307,rayanlewiis,6/1/2025 - 6/30/2025,12300,,Remove,
7/3/2025,206,35197,Basilatwani,6/1/2025 - 6/30/2025,211300,,Remove,
7/3/2025,205,35180,jonathanvareymitchell,6/23/2025 - 6/29/2025,48450,,Remove,
6/30/2025,204,35272,Mertyoz,6/23/2025 - 6/29/2025,103000,,Remove,
6/27/2025,203,35180,jonathanvareymitchell,6/16/2025 - 6/22/2025,38450,,Remove,
6/23/2025,202,35290,masternl,6/2/2025 - 6/15/2025,152300,,Remove,
6/23/2025,201,35272,Mertyoz,6/16/2025 - 6/22/2025,129800,,Remove,
6/20/2025,200,35271,ForexAffiliateMasterclass,4/1/2025 - 5/31/2025,14999,,Remove,
6/19/2025,199,35198,junjix,6/12/2025 - 6/18/2025,16200,,Remove,
6/19/2025,198,35180,jonathanvareymitchell,6/9/2025 - 6/15/2025,24730,,Remove,
6/16/2025,197,35247,GabFre20,5/1/2025 - 5/31/2025,2976,,Remove,
6/16/2025,196,35256,diamondfc1,5/1/2025 - 5/31/2025,15637,paid partially but including freni and el carist,Remove,
6/16/2025,195,35272,Mertyoz,6/9/2025 - 6/15/2025,109600,,Remove,
6/13/2025,399,35180,jonathanvareymitchell,5/1/2025 - 5/31/2025,30000,bonus may,Remove,
6/13/2025,194,35349,junjibonus,5/1/2025 - 5/31/2025,30000,,Remove,
6/13/2025,193,35198,junjix,6/5/2025 - 6/11/2025,9300,,Remove,
6/13/2025,192,35180,jonathanvareymitchell,6/2/2025 - 6/8/2025,18380,,Remove,
6/10/2025,269,35224,theforexcomplex,5/1/2025 - 5/31/2025,15000,,Remove,
6/10/2025,260,35310,jordanbutler1,5/1/2025 - 5/31/2025,1300,,Remove,
6/10/2025,257,35256,diamondfc1,5/1/2025 - 5/31/2025,27101,,Remove,
6/10/2025,191,35197,Basilatwani,5/1/2025 - 5/31/2025,35500,,Remove,
6/10/2025,190,35272,Mertyoz,6/2/2025 - 6/8/2025,71800,,Remove,
6/9/2025,189,35261,Liukmane,5/1/2025 - 5/31/2025,600,,Remove,
6/9/2025,188,35270,WealthWave,5/1/2025 - 5/31/2025,50154,,Remove,
6/9/2025,180,35304,CamPanza,5/1/2025 - 5/31/2025,565,,Remove,
6/9/2025,179,35308,AndreiBacanu,5/1/2025 - 5/31/2025,4740,,Remove,
6/9/2025,178,35175,ActeonCapitalG,5/1/2025 - 5/31/2025,631,,Remove,
6/9/2025,177,35231,MoonAff,5/1/2025 - 5/31/2025,6750,,Remove,
6/9/2025,176,35284,fxnltrading,5/1/2025 - 5/31/2025,6000,,Remove,
6/9/2025,175,35281,tradingcentalfx,5/1/2025 - 5/31/2025,18079,,Remove,
6/9/2025,174,35143,ajmudronja,5/1/2025 - 5/31/2025,94350,,Remove,
6/9/2025,173,35290,masternl,5/16/2025 - 6/1/2025,65400,,Remove,
6/9/2025,172,35318,Delandmellon,5/1/2025 - 5/31/2025,2000,,Remove,
6/9/2025,171,35143,ajmudronja,10/1/2024 - 10/31/2024,9494,,Remove,
6/5/2025,186,35262,mastermelo,5/1/2025 - 5/31/2025,300,,Remove,
6/5/2025,185,35254,Nardo99,5/1/2025 - 5/31/2025,2400,,Remove,
6/5/2025,184,35307,rayanlewiis,5/1/2025 - 5/31/2025,10800,,Remove,
6/5/2025,182,35227,melofx,5/1/2025 - 5/31/2025,38600,,Remove,
6/5/2025,181,35227,melofx,4/1/2025 - 4/30/2025,2000,,Remove,
6/5/2025,170,35180,jonathanvareymitchell,5/26/2025 - 6/1/2025,25330,,Remove,
6/5/2025,169,35198,junjix,5/29/2025 - 6/4/2025,24480,,Remove,
6/4/2025,183,35197,Basilatwani,5/1/2025 - 5/31/2025,250000,,Remove,
6/4/2025,166,35349,junjibonus,5/1/2025 - 5/31/2025,30000,,Remove,
6/2/2025,247,35272,Mertyoz,5/26/2025 - 6/1/2025,89300,,Remove,
5/29/2025,165,35198,junjix,5/22/2025 - 5/28/2025,10350,,Remove,
5/29/2025,164,35180,jonathanvareymitchell,5/19/2025 - 5/25/2025,35950,,Remove,
5/26/2025,163,35272,Mertyoz,5/19/2025 - 5/25/2025,102200,,Remove,
5/22/2025,162,35180,jonathanvareymitchell,5/12/2025 - 5/18/2025,29880,,Remove,
5/22/2025,161,35198,junjix,5/15/2025 - 5/21/2025,13550,,Remove,
5/19/2025,160,35272,Mertyoz,5/12/2025 - 5/18/2025,91200,,Remove,
5/16/2025,159,35290,masternl,4/1/2025 - 4/30/2025,14000,,Remove,
5/16/2025,158,35290,masternl,5/1/2025 - 5/15/2025,363300,,Remove,
5/15/2025,157,35198,junjix,5/1/2025 - 5/7/2025,14850,,Remove,
5/15/2025,156,35180,jonathanvareymitchell,5/5/2025 - 5/11/2025,21530,,Remove,
5/15/2025,155,35309,edfullmargin,5/1/2025 - 5/14/2025,4650,,Remove,
5/14/2025,335,35272,Mertyoz,5/5/2025 - 5/11/2025,87700,60k bank and 27.7k crypto,Remove,
5/10/2025,256,35256,diamondfc1,4/1/2025 - 4/30/2025,14589,,Remove,
5/8/2025,398,35180,jonathanvareymitchell,4/1/2025 - 4/30/2025,40000,april bonus,Remove,
5/8/2025,154,35231,MoonAff,4/1/2025 - 4/30/2025,18750,,Remove,
5/8/2025,153,35226,Tips2Pips,4/1/2025 - 4/30/2025,9500,,Remove,
5/8/2025,152,35198,junjix,4/1/2025 - 4/30/2025,15500,,Remove,
5/8/2025,151,35224,theforexcomplex,4/1/2025 - 4/30/2025,40200,,Remove,
5/8/2025,150,35180,jonathanvareymitchell,4/1/2025 - 4/30/2025,27300,,Remove,
5/7/2025,187,35227,melofx,4/1/2025 - 4/30/2025,10500,,Remove,
5/7/2025,149,35247,GabFre20,4/1/2025 - 4/30/2025,240,,Remove,
5/7/2025,148,35246,Elcarist4,4/1/2025 - 4/30/2025,1076,,Remove,
5/7/2025,147,35175,ActeonCapitalG,4/1/2025 - 4/30/2025,6060,,Remove,
5/7/2025,146,35238,Delice,4/1/2025 - 4/30/2025,1280,,Remove,
5/7/2025,145,35230,investbestbrokers2,4/1/2025 - 4/30/2025,2573,,Remove,
5/7/2025,144,35254,Nardo99,4/1/2025 - 4/30/2025,2400,,Remove,
5/7/2025,143,35138,diamondfc,4/1/2025 - 4/30/2025,149,,Remove,
5/7/2025,142,35256,diamondfc1,4/1/2025 - 4/30/2025,17964,,Remove,
5/6/2025,141,35143,ajmudronja,4/1/2025 - 4/30/2025,78400,,Remove,
5/6/2025,140,35144,ajmudronja2,4/1/2025 - 4/30/2025,20535,,Remove,
5/5/2025,139,35270,WealthWave,4/1/2025 - 4/30/2025,46850,,Remove,
5/5/2025,138,35284,fxnltrading,4/1/2025 - 4/30/2025,3400,,Remove,
5/5/2025,137,35272,Mertyoz,4/28/2025 - 5/4/2025,119400,,Remove,
5/4/2025,167,35349,junjibonus,4/1/2025 - 4/30/2025,40000,bonus april,Remove,
5/1/2025,136,35198,junjix,4/24/2025 - 4/29/2025,31930,,Remove,
5/1/2025,135,35180,jonathanvareymitchell,4/21/2025 - 4/27/2025,30450,,Remove,
5/1/2025,134,35197,Basilatwani,4/1/2025 - 4/30/2025,205350,,Remove,
4/28/2025,334,35272,Mertyoz,4/21/2025 - 4/27/2025,85200,,Remove,
4/24/2025,133,35198,junjix,4/17/2025 - 4/23/2025,8180,,Remove,
4/24/2025,132,35180,jonathanvareymitchell,4/14/2025 - 4/20/2025,18380,,Remove,
4/22/2025,131,35272,Mertyoz,4/14/2025 - 4/20/2025,94200,,Remove,
4/18/2025,130,35198,junjix,4/10/2025 - 4/16/2025,16530,,Remove,
4/18/2025,129,35180,jonathanvareymitchell,4/7/2025 - 4/13/2025,44650,,Remove,
4/17/2025,128,35112,mvmarketing,4/1/2025 - 4/6/2025,157600,,Remove,
4/15/2025,127,35224,theforexcomplex,3/1/2025 - 3/31/2025,44250,,Remove,
4/15/2025,126,35224,theforexcomplex,2/1/2025 - 2/28/2025,2500,,Remove,
4/15/2025,125,35272,Mertyoz,4/7/2025 - 4/12/2025,25800,,Remove,
4/11/2025,124,35226,Tips2Pips,3/1/2025 - 3/31/2025,14600,,Remove,
4/10/2025,255,35256,diamondfc1,3/1/2025 - 3/31/2025,17633,17633,Remove,
4/10/2025,123,35262,mastermelo,3/1/2025 - 3/31/2025,300,,Remove,
4/10/2025,122,35246,Elcarist4,3/1/2025 - 3/31/2025,1904,,Remove,
4/10/2025,121,35204,perks,2/1/2025 - 3/31/2025,223,,Remove,
4/10/2025,120,35247,GabFre20,3/1/2025 - 3/31/2025,127,,Remove,
4/10/2025,119,35198,junjix,4/3/2025 - 4/9/2025,8900,,Remove,
4/10/2025,118,35180,jonathanvareymitchell,3/31/2025 - 4/6/2025,34400,,Remove,
4/9/2025,117,35138,diamondfc,3/1/2025 - 3/31/2025,261,,Remove,
4/9/2025,116,35256,diamondfc1,3/1/2025 - 3/31/2025,7296,,Remove,
4/9/2025,115,35227,melofx,3/1/2025 - 3/31/2025,900,,Remove,
4/9/2025,113,35227,melofx,3/1/2025 - 3/31/2025,7000,,Remove,
4/9/2025,112,35228,fabi69,3/1/2025 - 3/31/2025,900,,Remove,
4/9/2025,111,35261,Liukmane,3/1/2025 - 3/31/2025,600,,Remove,
4/9/2025,110,35060,Cantax,3/1/2025 - 3/31/2025,43150,,Remove,
4/9/2025,109,35171,fintechmediaadv,3/1/2025 - 3/31/2025,2640,,Remove,
4/8/2025,108,35238,Delice,3/1/2025 - 3/31/2025,5245,,Remove,
4/8/2025,107,35230,investbestbrokers2,3/1/2025 - 3/31/2025,5540,,Remove,
4/8/2025,106,35254,Nardo99,3/1/2025 - 3/31/2025,2400,,Remove,
4/7/2025,105,35231,MoonAff,3/1/2025 - 3/31/2025,10200,,Remove,
4/7/2025,104,35141,dovyfx,3/1/2025 - 3/31/2025,600,,Remove,
4/7/2025,103,35144,ajmudronja2,3/1/2025 - 3/31/2025,18600,,Remove,
4/7/2025,102,35144,ajmudronja2,1/1/2025 - 1/31/2025,24020,,Remove,
4/7/2025,101,35143,ajmudronja,3/1/2025 - 3/31/2025,73800,,Remove,
4/7/2025,100,35197,Basilatwani,3/1/2025 - 3/31/2025,186000,,Remove,
4/4/2025,168,35349,junjibonus,3/1/2025 - 3/31/2025,30000,bonus march,Remove,
4/3/2025,99,35180,jonathanvareymitchell,3/24/2025 - 3/30/2025,38680,,Remove,
4/3/2025,98,35198,junjix,3/27/2025 - 4/2/2025,23160,,Remove,
4/3/2025,97,35112,mvmarketing,3/1/2025 - 3/31/2025,26957,,Remove,
3/27/2025,96,35180,jonathanvareymitchell,3/17/2025 - 3/23/2025,27100,,Remove,
3/27/2025,95,35198,junjix,3/20/2025 - 3/26/2025,9100,,Remove,
3/24/2025,94,35171,fintechmediaadv,2/1/2025 - 2/28/2025,24257,,Remove,
3/20/2025,93,35180,jonathanvareymitchell,3/10/2025 - 3/16/2025,20600,,Remove,
3/20/2025,92,35180,jonathanvareymitchell,3/10/2025 - 3/16/2025,20.6,,Remove,
3/20/2025,91,35198,junjix,2/6/2025 - 3/12/2025,6600,,Remove,
3/19/2025,90,35182,Rileystu,2/1/2025 - 2/28/2025,354,,Remove,
3/17/2025,89,35175,ActeonCapitalG,2/1/2025 - 2/28/2025,3715,,Remove,
3/17/2025,88,35228,fabi69,2/1/2025 - 2/28/2025,900,,Remove,
3/17/2025,87,35227,melofx,2/1/2025 - 2/28/2025,300,,Remove,
3/14/2025,86,35224,theforexcomplex,2/1/2025 - 2/28/2025,37903,,Remove,
3/13/2025,85,35198,junjix,3/6/2025 - 3/12/2025,10950,,Remove,
3/13/2025,84,35180,jonathanvareymitchell,3/3/2025 - 3/9/2025,34770,sent 34.77 in the previous one,Remove,
3/13/2025,83,35180,jonathanvareymitchell,3/3/2025 - 3/9/2025,34.77,,Remove,
3/12/2025,82,35165,Marcmel,2/1/2025 - 2/28/2025,878,,Remove,
3/11/2025,81,35231,MoonAff,2/1/2025 - 2/28/2025,3300,,Remove,
3/10/2025,80,35230,investbestbrokers2,2/1/2025 - 2/28/2025,6100,,Remove,
3/10/2025,79,35144,ajmudronja2,2/1/2025 - 2/28/2025,20185,,Remove,
3/10/2025,78,35143,ajmudronja,2/1/2025 - 2/28/2025,43700,,Remove,
3/7/2025,77,35060,Cantax,2/1/2025 - 2/28/2025,24700,,Remove,
3/7/2025,76,35226,Tips2Pips,2/1/2025 - 2/28/2025,23100,,Remove,
3/6/2025,75,35198,junjix,2/27/2025 - 3/5/2025,17150,,Remove,
3/6/2025,74,35180,jonathanvareymitchell,2/24/2025 - 3/3/2025,18150,,Remove,
3/5/2025,73,35236,maketradinggreatagain,Up to 03/01/2025,395.09,"Automatically created from payment request ID 9, ",Remove,
3/5/2025,72,35236,maketradinggreatagain,2/1/2025 - 2/28/2025,395,,Remove,
3/4/2025,330,35197,Basilatwani,2/1/2025 - 2/28/2025,201850,paid via crypto - 0x7868c0ec2a47023c3b70cfed152a1fdce2cbcfdc,Remove,
2/27/2025,71,35198,junjix,2/20/2025 - 2/26/2025,8860,,Remove,
2/24/2025,70,35180,jonathanvareymitchell,2/10/2025 - 2/16/2025,29400,,Remove,
2/24/2025,69,35198,junjix,2/13/2025 - 2/19/2025,15380,,Remove,
2/18/2025,68,35182,Rileystu,1/1/2025 - 1/31/2025,2118.6,funds credited on trading account 900318,Remove,
2/18/2025,67,35182,Rileystu,1/1/2025 - 1/31/2025,14124,funds credited on account 900343,Remove,
2/14/2025,66,35180,jonathanvareymitchell,2/3/2025 - 2/9/2025,47230,,Remove,
2/14/2025,65,35198,junjix,1/1/2025 - 1/31/2025,4620,,Remove,
2/14/2025,64,35152,Fxcarl,1/1/2025 - 1/31/2025,2500,,Remove,
2/14/2025,63,35224,theforexcomplex,1/1/2025 - 1/31/2025,3150,,Remove,
2/11/2025,62,35143,ajmudronja,1/1/2025 - 1/31/2025,47250,,Remove,
2/8/2025,61,35198,junjix,2/3/2025 - 2/8/2025,6595,,Remove,
2/8/2025,60,35180,jonathanvareymitchell,1/27/2025 - 2/2/2025,32330,,Remove,
2/8/2025,58,35197,Basilatwani,1/1/2025 - 1/31/2025,240200,,Remove,
2/5/2025,57,35183,alexsen,12/1/2024 - 1/13/2025,3697,,Remove,
2/3/2025,56,35112,mvmarketing,1/1/2025 - 1/31/2025,70000,,Remove,
2/3/2025,55,35198,junjix,1/1/2025 - 1/31/2025,11260,,Remove,
2/2/2025,53,35204,perks,1/1/2025 - 1/31/2025,160,,Remove,
1/31/2025,54,35212,BCopier,1/1/2025 - 1/31/2025,1631,,Remove,
1/30/2025,52,35180,jonathanvareymitchell,1/20/2025 - 1/26/2025,21480,Crypto,Remove,
1/23/2025,51,35180,jonathanvareymitchell,1/17/2025 - 1/19/2025,2440,paid via crypto,Remove,
1/17/2025,50,35180,jonathanvareymitchell,12/15/2024 - 1/16/2025,7534,paid via crypto,Remove,
1/15/2025,48,35157,ThazmaFX,12/1/2024 - 12/31/2024,6895.7,December commission for Armin. 30% credited to account 900343  and 15% to account 900318,Remove,
1/10/2025,47,35144,ajmudronja2,12/1/2024 - 12/31/2024,14270,Paid via crypto,Remove,
1/10/2025,46,35143,ajmudronja,12/1/2024 - 12/31/2024,37200,Paid via crypto,Remove,
1/9/2025,329,35197,Basilatwani,12/1/2024 - 12/31/2024,141700,,Remove,
1/9/2025,45,35171,fintechmediaadv,12/1/2024 - 12/31/2024,31280,Paid via crypto,Remove,
1/9/2025,44,35196,boristheone,12/1/2024 - 12/31/2024,1100,Paid via Crypto,Remove,
1/9/2025,43,35200,snipetrading,12/1/2024 - 12/31/2024,1266.67,Paid via crypto,Remove,
1/9/2025,42,35152,Fxcarl,12/1/2024 - 12/31/2024,5350,Paid via crypto,Remove,
12/19/2024,41,35165,Marcmel,11/10/2024 - 12/10/2024,1087,Master Affiliation,Remove,
12/19/2024,40,35180,jonathanvareymitchell,12/8/2024 - 12/14/2024,16400,Paid via crypto,Remove,
12/19/2024,38,35186,RoscoCryptoAcademy,11/1/2024 - 12/11/2024,3250,"Payment of commission november + 11 days of december&#10"";&#10;""TW6YVkXzCcDhmyTa5rmgVnZw5tQsVY9dY9",Remove,
12/12/2024,36,35180,jonathanvareymitchell,12/2/2024 - 12/8/2024,36630,Paid via crypto,Remove,
12/10/2024,35,35200,snipetrading,11/1/2024 - 11/30/2024,4783,Paid via crypto,Remove,
12/10/2024,34,35183,alexsen,11/1/2024 - 11/30/2024,1089,Paid via crypto,Remove,
12/10/2024,33,35152,Fxcarl,11/1/2024 - 11/30/2024,22550,Paid via crypto,Remove,
12/10/2024,32,35171,fintechmediaadv,10/1/2024 - 11/30/2024,10.46,Paid via crypto,Remove,
12/10/2024,31,35144,ajmudronja2,11/1/2024 - 11/30/2024,1485,Paid via crypto,Remove,
12/10/2024,30,35143,ajmudronja,11/1/2024 - 11/30/2024,50800,Paid via crypto,Remove,
12/10/2024,29,35197,Basilatwani,11/1/2024 - 11/30/2024,42000,Paid via crypto,Remove,
12/5/2024,37,35180,jonathanvareymitchell,11/25/2024 - 12/1/2024,54881,Paid via crypto,Remove,
12/5/2024,28,35180,jonathanvareymitchell,11/25/2024 - 12/1/2024,54.94,Paid via crypto,Remove,
11/29/2024,27,35180,jonathanvareymitchell,11/21/2024 - 11/24/2024,8200,Paid via crypto,Remove,
11/21/2024,26,35180,jonathanvareymitchell,11/14/2024 - 11/21/2024,22210,Paid via crypto,Remove,
11/20/2024,25,35157,ThazmaFX,10/17/2024 - 10/31/2024,50,Difference due to exchange EUR/USD (payment amount before was in EUR),Remove,
11/20/2024,24,35157,ThazmaFX,10/17/2024 - 10/31/2024,924.08,"Commission credited on TA 900318 &amp"";"" 900995",Remove,
11/14/2024,23,35180,jonathanvareymitchell,11/1/2024 - 11/13/2024,10400,Paid via Crypto Week 46,Remove,
11/13/2024,39,35157,ThazmaFX,11/1/2024 - 11/30/2024,7597,"payment of affiliates 35157 and 35182, through accreditation of accounts 900343 &amp"";"" 900318",Remove,
11/11/2024,22,35143,ajmudronja,10/1/2024 - 10/31/2024,22556,Paid via crypto.  Delayed 9.494 USD,Remove,
11/11/2024,21,35172,rentestrebates,10/1/2024 - 10/31/2024,1000,,Remove,
11/11/2024,20,35172,rentestrebates,9/1/2024 - 11/11/2024,1500,test payment,Remove,
11/11/2024,19,35149,muhammadijaz,10/1/2024 - 10/31/2024,400,paid via crypto,Remove,
11/4/2024,18,35112,mvmarketing,10/1/2024 - 10/31/2024,10938.15,October 2024 - Commission paid. Paid in Crypto,Remove,
10/28/2024,17,35133,Drforex12,10/1/2024 - 10/28/2024,2252,crypto,Remove,
10/22/2024,16,35165,Marcmel,9/1/2024 - 9/30/2024,438,Paid via crypto,Remove,
10/16/2024,15,35157,ThazmaFX,9/1/2024 - 10/16/2024,4816,"Commission from 1st of September to 16th of Oct 24, credited on trading accounts",Remove,
10/15/2024,14,35161,flexxtrades,10/1/2024 - 9/30/2024,1,paid via crypto,Remove,
10/14/2024,13,35133,Drforex12,8/19/2024 - 10/14/2024,5560,payment through crypto of commissions till 14.10.24,Remove,
10/14/2024,11,35172,rentestrebates,7/1/2024 - 10/14/2024,285.98,test,Remove,
10/14/2024,10,35172,rentestrebates,8/1/2024 - 10/14/2024,100,Payment through crypto of comms till 14th of October,Remove,
10/14/2024,9,35143,ajmudronja,Up to 10/01/2024,34850,"Automatically created from payment request ID 5, via crypto",Remove,
10/14/2024,8,35144,ajmudronja2,Up to 10/01/2024,950,"Automatically created from payment request ID 6, via crypto",Remove,
10/12/2024,49,35171,fintechmediaadv,10/1/2024 - 11/30/2024,10446,paid crypto,Remove,
9/16/2024,7,35143,ajmudronja,Up to 09/01/2024,18050,"Automatically created from payment request ID 3, undefined",Remove,
9/16/2024,6,35144,ajmudronja2,Up to 09/01/2024,1200,"Automatically created from payment request ID 4, undefined",Remove,
8/19/2024,12,35133,Drforex12,8/8/2024 - 8/18/2024,5980,payment through crypto,Remove,
,1,,,,0,,,10
1/5/2026,541,35272,Mertyoz,12/29/2025 - 1/4/2026,42486,KR EQ Multi,Remove,
1/5/2026,540,35607,JamieLeon,12/19/2025 - 1/1/2026,5713.85,EQ EQ,Remove,
1/5/2026,539,35680,signalstrading,12/1/2025 - 12/31/2025,170,UN GL,Remove,
1/4/2026,535,35262,mastermelo,12/1/2025 - 12/31/2025,1800,KR EQ MULT PMNT,Remove,
1/4/2026,534,35227,melofx,12/1/2025 - 12/31/2025,1500,KR EQ MULT,Remove,
1/4/2026,533,35347,Saix004,12/1/2025 - 12/31/2025,9000,KR EQ Mult,Remove,
1/4/2026,532,35227,melofx,12/1/2025 - 12/31/2025,25500,EQ KR incl mult amounts,Remove,
1/1/2026,538,35597,junji2,12/22/2025 - 12/28/2025,9000,KR EQ,Remove,
1/1/2026,537,35198,junjix,12/22/2025 - 12/28/2025,5200,KR EQ Mult,Remove,
1/1/2026,536,35180,jonathanvareymitchell,12/22/2025 - 12/28/2025,32330,KR EQ Mult,Remove,
1/1/2026,531,35180,jonathanvareymitchell,12/1/2025 - 12/31/2025,50000,Bonus December KR,Remove,
1/1/2026,530,35272,Mertyoz,1/1/2026 - 1/1/2026,55000,prepayment,Remove,
1/1/2026,529,35180,jonathanvareymitchell,11/1/2025 - 11/30/2025,50000,Bonus KR EQ,Remove,
1/15/2026,570,35673,nnguducttorngg@gmail.com,12/1/2025 - 12/31/2025,401,Un GL,Remove,
1/14/2026,569,35302,bridges,12/1/2025 - 12/31/2025,7358,Un Gl,Remove,
1/13/2026,568,35576,armaster,12/1/2025 - 12/31/2025,960,UN GL,Remove,
1/13/2026,567,35224,theforexcomplex,12/1/2025 - 12/31/2025,2893.33,KR EQ,Remove,
1/13/2026,566,35254,Nardo99,12/1/2025 - 12/31/2025,2400,UN EQ,Remove,
1/13/2026,565,35637,Loconsole,12/1/2025 - 12/31/2025,3500,UN EQ,Remove,
1/13/2026,564,35660,denbull,12/1/2025 - 12/31/2025,22700,UN EQ,Remove,
1/13/2026,563,35231,MoonAff,12/1/2025 - 12/31/2025,38850,KR EQ,Remove,
1/13/2026,562,35658,LucaLaurienzo,12/1/2025 - 12/31/2025,6621,UN EQ,Remove,
1/13/2026,561,35477,frenibusiness,12/1/2025 - 12/31/2025,5600,UN EQ,Remove,
1/13/2026,560,35607,JamieLeon,12/1/2025 - 12/31/2025,3128.7,Eq EQ,Remove,
1/12/2026,557,35060,Cantax,12/1/2025 - 12/31/2025,1309,Kr Moon,Remove,
1/12/2026,556,35060,Cantax,12/1/2025 - 12/31/2025,13000,RAPYD MOON,Remove,
1/12/2026,555,35270,WealthWave,12/1/2025 - 12/31/2025,87384,",""Remove",Remove,
1/12/2026,554,35272,Mertyoz,1/4/2026 - 1/10/2026,107027,",""Remove",Remove,
1/12/2026,553,35427,aff.bullwaves,12/1/2025 - 12/31/2025,3272,Un Gl,Remove,
1/9/2026,552,35273,Fredtrading,12/1/2025 - 12/31/2025,186495.32,KR GL,Remove,
1/9/2026,551,35583,basil-tyrone,12/1/2025 - 12/31/2025,2129.15,KR EQ MULTI PMNTS,Remove,
1/9/2026,550,35620,Radinert,12/1/2025 - 12/31/2025,2250,KR EQ MULTI PMNTS,Remove,
1/9/2026,549,35431,dutrades,12/1/2025 - 12/31/2025,3200,KR EQ MULTI PMNTS,Remove,
1/9/2026,548,35429,basil-hannah,12/1/2025 - 12/31/2025,21800,KR EQ MULTI PMNTS,Remove,
1/8/2026,547,35197,Basilatwani,12/1/2025 - 12/31/2025,53000,Kr EQ,Remove,
1/8/2026,546,35180,jonathanvareymitchell,12/29/2025 - 1/4/2026,36400,KR EQ,Remove,
1/8/2026,545,35198,junjix,12/29/2025 - 1/4/2026,2200,KR EQ,Remove,
1/8/2026,544,35597,junji2,12/29/2025 - 1/4/2026,5200,Kr Eq,Remove,
1/7/2026,542,35465,Billionairetrading,12/1/2025 - 12/31/2025,4200,UN GL,Remove,
1/26/2026,587,35272,Mertyoz,1/18/2026 - 1/24/2026,29675,Eq Eq,Remove,
1/26/2026,585,35235,DefiCreators,9/1/2025 - 12/31/2025,5000,Postponed UN GL,Remove,
1/26/2026,584,35271,ForexAffiliateMasterclass,12/1/2025 - 12/31/2025,7100,UN GL,Remove,
1/25/2026,586,35272,Mertyoz,1/18/2026 - 1/24/2026,60000,"Krak Moon, trx id 0x3adc6f47dd3a64fe75abab6f27c7f5b152a83f8cab3948c3dd990e0b190114a0",Remove,
1/22/2026,583,35198,junjix,1/12/2026 - 1/18/2026,12000,KR MOON,Remove,
1/22/2026,582,35180,jonathanvareymitchell,1/12/2026 - 1/18/2026,43000,KR MOON,Remove,
1/22/2026,581,35597,junji2,1/12/2026 - 1/18/2026,6400,Kr Moon,Remove,
1/20/2026,580,35394,SanderOever,12/1/2025 - 12/31/2025,9650,EQ EQ,Remove,
1/20/2026,579,35272,Mertyoz,1/11/2026 - 1/17/2026,99464,"KR MOON 64,464 & 35K EQ EQ",Remove,
1/19/2026,578,35638,Dunnyfxt,12/1/2025 - 12/31/2025,4000,EQ EQ,Remove,
1/19/2026,577,35597,junji2,1/5/2026 - 1/11/2026,9400,KR MOON,Remove,
1/19/2026,576,35198,junjix,1/5/2026 - 1/11/2026,6150,KR MOON,Remove,
1/19/2026,575,35180,jonathanvareymitchell,1/5/2026 - 1/11/2026,43800,KR MOON,Remove,
1/16/2026,574,35263,fxnhsignals,12/1/2025 - 12/31/2025,14150,KR EQ MULTI,Remove,
1/16/2026,573,35263,fxnhsignals,11/1/2025 - 11/30/2025,1000,EQ KR MULTI,Remove,
1/15/2026,572,35596,Robert,12/1/2025 - 12/31/2025,2940,UN GL,Remove,
1/15/2026,571,35596,Robert,12/1/2025 - 12/31/2025,7000,Un Gl,Remove,
1/30/2026,594,35180,jonathanvareymitchell,1/19/2026 - 1/25/2026,44730,KR MOON,Remove,
1/30/2026,593,35198,junjix,1/19/2026 - 1/25/2026,7400,KR MOON,Remove,
1/30/2026,592,35597,junji2,1/19/2026 - 1/25/2026,20800,KR MOON,Remove,
1/30/2026,591,35314,DRIVADAVE,12/16/2025 - 12/31/2025,1500,UN GL,Remove,
1/27/2026,590,35607,JamieLeon,1/1/2026 - 12/7/2025,5134.5,EQ EQ,Remove,
1/26/2026,589,35461,vanmanhlh@gmail.com,1/1/2026 - 1/26/2026,697.93,Commission credited on trading account 1210028,Remove,
2/4/2026,615,35615,Alanschett0,12/1/2025 - 12/31/2025,234,UN GL,Remove,
2/4/2026,614,35231,MoonAff,1/1/2026 - 1/31/2026,50900,KR MOON,Remove,
2/4/2026,613,35638,Dunnyfxt,1/1/2026 - 1/31/2026,15500,KR MOON,Remove,
2/4/2026,612,35315,Andrewcga,8/1/2025 - 12/31/2025,23100,Post payements - Kr Moon,Remove,
2/3/2026,611,35224,theforexcomplex,1/31/2026 - 1/31/2026,5150,PAST COMM KR EQ,Remove,
2/3/2026,610,35224,theforexcomplex,1/1/2026 - 1/31/2026,12150,KR EQ,Remove,
2/3/2026,609,35680,signalstrading,1/1/2026 - 1/31/2026,175,UN GL,Remove,
2/3/2026,606,35315,Andrewcga,1/1/2026 - 1/31/2026,700,UN GL,Remove,
2/3/2026,605,35659,arnascapital,1/1/2026 - 1/31/2025,2480,UN GL,Remove,
2/3/2026,604,35262,mastermelo,1/1/2026 - 1/31/2026,450,KR MOON,Remove,
2/3/2026,603,35227,melofx,1/1/2026 - 1/31/2026,33100,KR MOON,Remove,
2/3/2026,602,35431,dutrades,1/1/2026 - 1/31/2026,1950,KR EQ,Remove,
2/3/2026,601,35620,Radinert,1/1/2026 - 1/31/2026,6800,KR EQ,Remove,
2/3/2026,600,35429,basil-hannah,1/1/2026 - 1/31/2026,21100,KR EQ,Remove,
2/3/2026,599,35197,Basilatwani,1/1/2026 - 1/31/2026,121550,KR EQ,Remove,
2/2/2026,598,35272,Mertyoz,1/26/2026 - 1/31/2026,90900,KR EQ,Remove,
2/2/2026,597,35272,Mertyoz,1/25/2026 - 1/31/2026,100000,KR MOON PREPYAMENT,Remove,
2/2/2026,596,35703,tradeflow,1/1/2026 - 1/31/2026,7920,UN GL,Remove,
2/2/2026,595,35575,NextStar,11/17/2025 - 1/25/2026,23600,Uniwire Equitex,Remove,
2/13/2026,655,35529,alphatrade,1/1/2026 - 1/31/2026,8496,un eq,Remove,
2/13/2026,654,35263,fxnhsignals,1/1/2026 - 1/31/2026,15600,KR EQ,Remove,
2/13/2026,653,35659,arnascapital,2/1/2026 - 2/12/2026,930,UN GL,Remove,
2/13/2026,652,35703,tradeflow,2/1/2026 - 2/12/2026,2970,UN GL,Remove,
2/12/2026,651,35597,junji2,2/2/2026 - 2/8/2026,9200,KR EQ,Remove,
2/12/2026,647,35198,junjix,2/2/2026 - 2/8/2026,5800,KR EQ,Remove,
2/12/2026,646,35180,jonathanvareymitchell,2/2/2026 - 2/8/2026,59530,KR EQ,Remove,
2/12/2026,645,35660,denbull,1/1/2026 - 1/31/2026,20900,UN EQ,Remove,
2/11/2026,642,35138,diamondfc,1/1/2026 - 1/31/2026,1645,UN EQ,Remove,
2/11/2026,641,35477,frenibusiness,1/1/2026 - 1/31/2026,6800,UN EQ,Remove,
2/11/2026,640,35658,LucaLaurienzo,1/1/2026 - 1/31/2026,729,UN EQ,Remove,
2/11/2026,639,35302,bridges,1/1/2026 - 1/31/2026,21100,KR EQ,Remove,
2/10/2026,638,35596,Robert,1/1/2026 - 1/31/2026,420,UN EQ partial pmnt,Remove,
2/10/2026,637,35596,Robert,1/1/2026 - 1/31/2026,2980,UN EQ PARTIAL PMNT,Remove,
2/10/2026,636,35596,Robert,1/1/2026 - 1/31/2026,10134,Partial pmnt Eq Uniwire,Remove,
2/10/2026,635,35262,mastermelo,1/1/2026 - 1/31/2026,2750,KR,Remove,
2/9/2026,634,35392,legend_circle,1/1/2026 - 1/31/2026,1600,UN EQ,Remove,
2/9/2026,633,35607,JamieLeon,1/25/2026 - 1/31/2026,5245.05,EQ EQ,Remove,
2/9/2026,631,35637,Loconsole,1/1/2026 - 1/31/2026,5258,UN EQ,Remove,
2/9/2026,630,35658,LucaLaurienzo,1/1/2026 - 1/31/2026,4050,UN EQ,Remove,
2/9/2026,629,35254,Nardo99,1/1/2026 - 1/31/2026,1200,UN GL,Remove,
2/9/2026,627,35060,Cantax,1/1/2026 - 1/31/2026,21433,Rapyd MOON,Remove,
2/9/2026,626,35060,Cantax,1/1/2026 - 1/31/2026,10000,KR MOON,Remove,
2/9/2026,624,35272,Mertyoz,2/1/2026 - 2/7/2026,59812,EQ EQ,Remove,
2/9/2026,623,35175,ActeonCapitalG,1/1/2026 - 1/31/2026,17400,EQ EQ EUR 14750,Remove,
2/6/2026,622,35475,fxgodfather,1/1/2026 - 1/31/2026,35413,krak moon to USDT trc20: TVoUskowguYJRieA861dQn32ANai85fK6w,Remove,
2/6/2026,621,35427,aff.bullwaves,1/1/2026 - 1/31/2026,17573,Krak Eq to USDT erc20: 0x170089e008c0babd9e0d843ccc99b2397e802d35,Remove,
2/6/2026,620,35742,TradingPartners,1/1/2026 - 1/31/2026,1200,Krak Eq to USDT erc20: 0xd8E0E6CE1737004632d8632d4610016282022559,Remove,
2/6/2026,619,35270,WealthWave,1/1/2026 - 1/31/2026,200300,Krak Moon to USDC Erc20: 0x6ba383e847cae4f28be25a5644f34306e2fd71cc,Remove,
2/6/2026,618,35273,Fredtrading,1/1/2026 - 1/31/2026,156755,Krak Moon to 0x739e29c33f4f2a8d0368d3007a3a610348e186ba,Remove,
2/6/2026,617,35765,pitayaai,2/6/2026 - 2/6/2026,2500,Setup fee paid: 0x3300bd6aa1ae2b7952177e4cfba3ef7d6c347592 from krak Eq,Remove,
2/5/2026,650,35597,junji2,1/26/2026 - 2/1/2026,14600,KR,Remove,
2/5/2026,648,35198,junjix,1/26/2026 - 3/1/2026,9200,KR MOON,Remove,
2/5/2026,644,35180,jonathanvareymitchell,1/1/2026 - 1/31/2026,50000,bonus kr,Remove,
2/5/2026,643,35180,jonathanvareymitchell,1/26/2026 - 2/2/2026,72800,kr,Remove,
1/15/2026,656,35596,Robert,1/1/2026 - 2/14/2026,10000,UN GL,Remove,
2/17/2026,661,35596,Robert,1/1/2026 - 1/31/2026,15000,KR MOON,Remove,
2/16/2026,660,35426,ElevatingForex,1/1/2026 - 1/31/2026,9000,"Postpned, Uniwire Eq",Remove,
2/16/2026,659,35272,Mertyoz,2/8/2026 - 2/14/2026,18901,KR EQ,Remove,
2/16/2026,658,35272,Mertyoz,2/8/2026 - 2/14/2026,90000,EQ EQ,Remove,
2/16/2026,657,35665,markeliticsita,1/1/2026 - 2/15/2026,8420,Rapyd Moon,Remove,
2/20/2026,662,35703,tradeflow,1/1/2026 - 1/31/2026,7920,KR EQ,Remove,
2/27/2026,677,35799,junji5,2/16/2026 - 2/22/2026,2400,KR EQ,Remove,
2/27/2026,676,35198,junjix,2/16/2026 - 2/22/2026,7200,KR EQ,Remove,
2/27/2026,675,35180,jonathanvareymitchell,2/16/2026 - 2/22/2026,41530,KR MOON,Remove,
2/27/2026,674,35597,junji2,2/16/2026 - 2/22/2026,4600,KR MOON,Remove,
2/25/2026,673,35461,vanmanhlh@gmail.com,1/27/2026 - 2/25/2026,1291.05,Commission credited on account 1210028,Remove,
2/24/2026,672,35576,armaster,1/1/2026 - 1/31/2026,900,UN GL,Remove,
2/24/2026,671,35814,CHAXKM,1/1/2026 - 2/23/2026,3000,UN GL,Remove,
2/23/2026,670,35596,Robert,1/1/2026 - 1/31/2026,13000,Jan comm - EQ EQ,Remove,
2/23/2026,669,35607,JamieLeon,2/1/2026 - 2/14/2026,4054.45,Eq Eq,Remove,
2/23/2026,668,35272,Mertyoz,2/15/2026 - 2/21/2026,40761,KR EQ,Remove,
2/23/2026,667,35272,Mertyoz,2/8/2026 - 2/14/2026,38987,USDT   trustwallet Moon wallet,Remove,
2/23/2026,666,35272,Mertyoz,2/15/2026 - 2/21/2026,26715,trustwallet Moon wallet - USDC,Remove,
2/23/2026,665,35198,junjix,2/9/2026 - 2/15/2026,6200,KR EQ,Remove,
2/23/2026,664,35597,junji2,2/9/2026 - 2/15/2026,12200,KR EQ,Remove,
2/23/2026,663,35180,jonathanvareymitchell,2/9/2026 - 2/15/2026,74000,KR EQ,Remove,
3/3/2026,684,35680,signalstrading,2/1/2026 - 2/28/2026,688.6,UN GL,Remove,
3/3/2026,683,35764,Yakess,2/1/2026 - 2/28/2026,650,Un GL,Remove,
3/3/2026,682,35800,fxstate,2/1/2026 - 2/28/2026,2900,UN GL,Remove,
3/3/2026,681,35637,Loconsole,2/1/2026 - 2/28/2026,5459,UN GL,Remove,
3/3/2026,680,35637,Loconsole,2/1/2026 - 2/28/2026,2943,UN GL,Remove,
3/3/2026,679,35801,EpLagundo84,2/2/2026 - 3/3/2026,2650,Rapyd moon,Remove,
3/2/2026,678,35272,Mertyoz,3/22/2026 - 3/28/2026,63812.95,"Equals AED 246,253.43",Remove,
3/9/2026,699,35835,forexchurch,2/1/2026 - 3/9/2026,3000,UN GL,Remove,
3/9/2026,698,35829,koskos8,2/1/2026 - 3/1/2026,3400,KR EQ,Remove,
3/9/2026,697,35180,jonathanvareymitchell,2/1/2026 - 2/28/2026,40000,Bonus Feb - KR MOON,Remove,
3/9/2026,696,35224,theforexcomplex,2/1/2026 - 2/28/2026,7000,KR EQ,Remove,
3/9/2026,695,35799,junji5,2/23/2026 - 3/1/2026,2400,KR EQ,Remove,
3/9/2026,694,35597,junji2,2/23/2026 - 3/1/2026,3800,KR MOON,Remove,
3/9/2026,693,35198,junjix,2/23/2026 - 3/1/2026,6200,KR MOON,Remove,
3/9/2026,692,35180,jonathanvareymitchell,2/23/2026 - 3/1/2026,41000,KR MOON,Remove,
3/6/2026,691,35596,Robert,1/1/2026 - 2/28/2026,3600,UN GL,Remove,
3/4/2026,689,35592,tradeandshare,2/1/2026 - 2/28/2026,3540,UN GL,Remove,
3/4/2026,688,35231,MoonAff,2/1/2026 - 2/28/2026,26250,UN GL,Remove,
3/4/2026,687,35429,basil-hannah,2/1/2026 - 2/28/2026,2500,KR EQ,Remove,
3/4/2026,686,35620,Radinert,2/1/2026 - 2/28/2026,37450,KR EQ,Remove,
3/4/2026,685,35197,Basilatwani,2/1/2026 - 2/28/2026,86050,KR EQ,Remove,
3/12/2026,706,35658,LucaLaurienzo,2/1/2026 - 2/28/2026,2700,UN GL,Remove,
3/10/2026,705,35596,Robert,1/1/2026 - 2/28/2026,7386,partial pmnt - KR EQ,Remove,
3/10/2026,704,35596,Robert,1/1/2026 - 2/28/2026,641,UN GL,Remove,
3/10/2026,703,35254,Nardo99,2/1/2026 - 2/28/2026,600,Un Gl,Remove,
3/10/2026,702,35607,JamieLeon,2/15/2026 - 2/28/2026,2373.4,EQ EQ,Remove,
3/10/2026,701,35272,Mertyoz,3/1/2026 - 3/7/2026,67772,EQ EQ $69992,Remove,
3/17/2026,727,35263,fxnhsignals,2/1/2026 - 2/28/2026,11600,KR EQ,Remove,
3/17/2026,726,35138,diamondfc,2/1/2026 - 2/28/2026,1456,Eq Eq paid in Eur wiht 35256,Remove,
3/17/2026,725,35256,diamondfc1,2/1/2026 - 2/28/2026,1000,Eq Eq paid in Euro with 35138,Remove,
3/17/2026,724,35786,lucacostanza,2/1/2026 - 2/28/2026,1800,UN GL,Remove,
3/16/2026,723,35270,WealthWave,2/1/2026 - 2/28/2026,70000,KR MOON,Remove,
3/16/2026,722,35272,Mertyoz,3/8/2026 - 3/14/2026,85881.75,EQ EQ,Remove,
3/16/2026,721,35281,tradingcentalfx,12/1/2025 - 2/28/2026,8000,UN EQ,Remove,
3/16/2026,720,35477,frenibusiness,2/1/2026 - 2/28/2026,3091,Un Moon,Remove,
3/16/2026,719,35227,melofx,2/1/2026 - 2/28/2026,18600,KR MOON,Remove,
3/16/2026,718,35262,mastermelo,2/1/2026 - 2/28/2026,2400,KR MOON,Remove,
3/16/2026,717,35180,jonathanvareymitchell,3/2/2026 - 3/8/2026,58650,KR EQ,Remove,
3/16/2026,716,35597,junji2,3/2/2026 - 3/8/2026,400,KR EQ,Remove,
3/16/2026,715,35829,koskos8,3/2/2026 - 3/8/2026,7600,KR EQ,Remove,
3/16/2026,714,35799,junji5,2/2/2026 - 3/8/2026,2400,KR EQ,Remove,
3/16/2026,713,35198,junjix,3/2/2026 - 3/8/2026,5800,KR EQ,Remove,
3/13/2026,712,35271,ForexAffiliateMasterclass,2/1/2026 - 2/28/2026,2500,KR EQ,Remove,
3/13/2026,711,35284,fxnltrading,2/1/2026 - 2/28/2026,2500,KR EQ,Remove,
3/13/2026,710,35273,Fredtrading,2/1/2026 - 2/28/2026,74305,KR MOON,Remove,
3/13/2026,709,35302,bridges,2/1/2026 - 2/28/2026,30200,KR EQ,Remove,
3/12/2026,708,35596,Robert,1/1/2026 - 1/31/2026,12000,KR EQ,Remove,
3/12/2026,707,35596,Robert,1/1/2026 - 1/31/2026,3630,UN GL,Remove,
3/30/2026,746,35461,vanmanhlh@gmail.com,2/26/2026 - 3/30/2026,595.61,Commission credited on trading account  1210028,Remove,
3/27/2026,745,35180,jonathanvareymitchell,3/16/2026 - 3/22/2026,31400,KR MOON,Remove,
3/27/2026,744,35597,junji2,3/16/2026 - 3/22/2026,3000,KR MOON,Remove,
3/27/2026,743,35198,junjix,3/16/2026 - 3/22/2026,4400,KR MOON,Remove,
3/27/2026,742,35799,junji5,3/16/2026 - 3/22/2026,1200,UN GL,Remove,
3/26/2026,741,35596,Robert,2/1/2026 - 2/28/2026,2076,KR EQ,Remove,
3/26/2026,740,35596,Robert,1/1/2026 - 1/31/2026,12924,KR EQ,Remove,
3/23/2026,739,35272,Mertyoz,3/15/2026 - 3/21/2026,85369.45,KR MOON,Remove,
3/23/2026,738,35112,mvmarketing,12/1/2025 - 2/28/2026,24849.46,KR MOON,Remove,
3/23/2026,737,35112,mvmarketing,1/1/2026 - 2/28/2026,16843,EQ EQ,Remove,
3/20/2026,736,35060,Cantax,2/1/2026 - 2/28/2026,5005,RAPYD MOON,Remove,
3/19/2026,735,35143,ajmudronja,2/1/2026 - 2/28/2026,27000,KR MOON TOTAL 30K,Remove,
3/19/2026,734,35143,ajmudronja,2/1/2026 - 2/28/2026,3000,KR MOON,Remove,
3/19/2026,733,35180,jonathanvareymitchell,3/9/2026 - 3/15/2026,41000,KR EQ,Remove,
3/19/2026,732,35597,junji2,3/9/2026 - 3/15/2026,2800,KR MOON,Remove,
3/19/2026,731,35829,koskos8,3/9/2026 - 3/15/2026,3200,KR EQ,Remove,
3/19/2026,730,35799,junji5,3/9/2026 - 3/15/2026,2400,kr moon,Remove,
3/19/2026,729,35198,junjix,3/9/2026 - 3/15/2026,4800,KR MOON,Remove,
3/19/2026,728,35801,EpLagundo84,2/1/2026 - 2/28/2026,2650,Rapyd Moon,Remove,
4/9/2026,772,35928,ArmanShabanTrading,3/1/2026 - 3/31/2026,1000,UN EQ,Remove,
4/9/2026,771,35060,Cantax,3/1/2026 - 3/31/2026,13395,OPENPAYD MOON,Remove,
4/9/2026,770,35231,MoonAff,3/1/2026 - 3/31/2026,22750,UN EQ,Remove,
4/9/2026,769,35853,levrone-bw,3/1/2026 - 3/31/2026,5100,UN EQ,Remove,
4/8/2026,768,35273,Fredtrading,3/1/2026 - 3/31/2026,90825,KR MOON,Remove,
4/8/2026,767,35270,WealthWave,3/1/2026 - 3/31/2026,130500,KR MOON,Remove,
4/8/2026,766,35302,bridges,3/1/2026 - 3/31/2026,44500,KR EQ,Remove,
4/7/2026,765,35175,ActeonCapitalG,3/1/2026 - 3/31/2026,11310,UN EQ,Remove,
4/7/2026,764,35175,ActeonCapitalG,3/1/2026 - 3/31/2026,35500,EQ EQ,Remove,
4/6/2026,763,35680,signalstrading,3/1/2026 - 3/31/2026,1628,Un Gl,Remove,
4/6/2026,762,35401,Archieward99,3/1/2026 - 3/31/2026,14400,Un Eq,Remove,
4/6/2026,761,35607,JamieLeon,3/1/2026 - 3/31/2026,3302.7,Eq eq,Remove,
4/6/2026,760,35272,Mertyoz,3/30/2026 - 4/6/2026,75726.7,EQ EQ,Remove,
4/6/2026,759,35429,basil-hannah,3/1/2026 - 3/31/2026,350,KR MOON,Remove,
4/6/2026,758,35620,Radinert,3/1/2026 - 3/31/2026,33500,KR MOON,Remove,
4/6/2026,757,35197,Basilatwani,3/1/2026 - 3/31/2026,130900,KR MOON,Remove,
4/6/2026,756,35227,melofx,3/1/2026 - 3/31/2026,27000,KR MOON,Remove,
4/6/2026,755,35224,theforexcomplex,3/1/2026 - 3/31/2026,4300,KR EQ,Remove,
4/2/2026,754,35800,fxstate,3/4/2026 - 3/31/2026,27100,kr moon,Remove,
4/2/2026,753,35180,jonathanvareymitchell,3/23/2026 - 3/29/2026,24200,KR,Remove,
4/2/2026,752,35597,junji2,3/23/2026 - 3/29/2026,3000,KR,Remove,
4/2/2026,751,35829,koskos8,3/23/2026 - 3/29/2026,4600,KR,Remove,
4/2/2026,750,35799,junji5,3/23/2026 - 3/29/2026,4600,KR,Remove,
4/2/2026,749,35198,junjix,3/23/2026 - 3/29/2026,3850,KR,Remove,
3/31/2026,748,35703,tradeflow,2/1/2026 - 2/28/2026,2169,UN GL,Remove,
3/30/2026,747,35272,Mertyoz,3/22/2026 - 3/28/2026,98986,EQ EQ,Remove,
4/17/2026,802,35271,ForexAffiliateMasterclass,3/1/2026 - 3/31/2026,1000,UN GL,Remove,
4/17/2026,801,35284,fxnltrading,3/1/2026 - 3/31/2026,3500,un gl,Remove,
4/16/2026,800,35475,fxgodfather,3/1/2026 - 3/31/2026,7700,kr moon,Remove,
4/16/2026,799,35475,fxgodfather,2/1/2026 - 2/28/2026,16500,kr moon,Remove,
4/16/2026,798,35596,Robert,3/1/2026 - 3/31/2026,7000,Daniel Tisei - Lemonead,Remove,
4/16/2026,797,35401,Archieward99,3/1/2026 - 4/15/2026,16800,UN GL,Remove,
4/15/2026,796,35638,Dunnyfxt,3/1/2026 - 3/31/2026,2500,UN EQ,Remove,
4/15/2026,795,35801,EpLagundo84,3/1/2026 - 3/31/2026,2750,RAPYD MOON,Remove,
4/15/2026,794,35138,diamondfc,3/1/2026 - 3/31/2026,243,EQ EQ,Remove,
4/15/2026,793,35863,diamondfc10,3/1/2026 - 3/31/2026,4311,EQ EQ,Remove,
4/15/2026,792,35477,frenibusiness,3/1/2026 - 3/31/2026,1927,UN MOON,Remove,
4/15/2026,791,35890,khanarsal,3/1/2026 - 3/31/2026,2400,UN MOON,Remove,
4/15/2026,790,35592,tradeandshare,3/1/2026 - 3/31/2026,1159,UN GL,Remove,
4/15/2026,789,35596,Robert,3/1/2026 - 3/31/2026,4871,kr moon,Remove,
4/15/2026,788,35596,Robert,3/1/2026 - 3/31/2026,12682,kr moon,Remove,
4/13/2026,787,35180,jonathanvareymitchell,3/1/2026 - 3/31/2026,60000,BONUS MARCH,Remove,
4/13/2026,786,35272,Mertyoz,4/7/2026 - 4/13/2026,53600.65,EQ EQ,Remove,
4/13/2026,785,35893,CISaff,3/1/2026 - 3/31/2026,1000,UN EQ,Remove,
4/13/2026,784,35851,Abilovfx,3/1/2026 - 3/31/2026,3713,UN EQ,Remove,
4/13/2026,783,35886,Empire,3/1/2026 - 3/31/2026,767,UN EQ,Remove,
4/13/2026,782,35658,LucaLaurienzo,3/1/2026 - 3/31/2026,2800,UN EQ,Remove,
4/13/2026,781,35752,Alexmaster,3/1/2026 - 3/31/2026,6775,UN EQ 35795,Remove,
4/13/2026,780,35752,Alexmaster,3/1/2026 - 3/31/2026,510,UN EQ,Remove,
4/10/2026,779,35597,junji2,3/30/2026 - 4/5/2026,6600,KR MOON,Remove,
4/10/2026,778,35180,jonathanvareymitchell,3/30/2026 - 4/5/2026,28000,KR MOON,Remove,
4/10/2026,777,35799,junji5,3/30/2026 - 4/5/2026,1000,UN GL,Remove,
4/10/2026,776,35198,junjix,3/30/2026 - 4/5/2026,2000,KR MOON,Remove,
4/10/2026,775,35596,Robert,3/1/2026 - 3/31/2026,630,UN EQ,Remove,
4/10/2026,774,35596,Robert,3/1/2026 - 3/31/2026,1000,UN EQ,Remove,
4/10/2026,773,35596,Robert,3/1/2026 - 3/31/2026,4375,UN EQ,Remove,
6/9/2026,969,35270,WealthWave,5/1/2026 - 5/31/2026,108360,X Moon,Remove,
6/9/2026,968,35271,ForexAffiliateMasterclass,4/1/2026 - 5/31/2026,13701,X Moon,Remove,
6/9/2026,967,35284,fxnltrading,6/1/2026 - 6/7/2026,6500,X Moon,Remove,
6/8/2026,966,36071,Richardinv1,5/1/2026 - 5/31/2026,20000,Xoa Moon,Remove,
6/8/2026,965,36087,masterettore,6/1/2026 - 6/7/2026,1099,X Moon,Remove,
6/8/2026,964,36085,ettoplg,6/1/2026 - 6/7/2026,2972.01,X Moon,Remove,
6/8/2026,963,35272,Mertyoz,6/1/2026 - 6/7/2026,60010.08,X Moon,Remove,
6/8/2026,962,35270,WealthWave,5/1/2026 - 6/30/2026,10000,108360 remaining,Remove,
6/8/2026,958,35607,JamieLeon,4/1/2026 - 6/5/2026,8210.65,balance pmnt equals equitex,Remove,
6/8/2026,957,35953,dm02,6/1/2026 - 6/7/2026,2850,X Eq,Remove,
6/8/2026,956,35972,ItsLiam,6/1/2026 - 6/7/2026,800,X Eq,Remove,
6/8/2026,955,36074,dutch,6/1/2026 - 6/7/2026,5700,X Eq,Remove,
6/8/2026,954,35943,ajrebates,6/1/2026 - 6/8/2026,5967.5,Un gl,Remove,
6/5/2026,961,36034,fiaffiliation,6/5/2026 - 6/7/2026,87.64,Credited to Client Portal,Remove,
6/5/2026,960,36029,Qftds.com,6/5/2026 - 6/7/2026,175.28,Credited to Client Portal,Remove,
6/5/2026,959,36035,nomadpips,6/5/2026 - 6/7/2026,876.4,Credited to Client Portal,Remove,
6/5/2026,953,35273,Fredtrading,5/1/2026 - 5/31/2026,65545,KR MOON,Remove,
6/5/2026,952,35596,Robert,5/1/2026 - 5/31/2026,3100,UN GL,Remove,
6/5/2026,948,35597,junji2,5/25/2026 - 5/31/2026,15400,UN GL,Remove,
6/5/2026,947,35180,jonathanvareymitchell,5/25/2026 - 5/31/2026,79600,KR MOON,Remove,
6/5/2026,946,35799,junji5,5/25/2026 - 5/31/2026,2400,UN GL,Remove,
6/5/2026,945,35198,junjix,5/25/2026 - 5/31/2026,5200,UN GL,Remove,
6/5/2026,944,35197,Basilatwani,5/1/2026 - 5/31/2026,48200,KR EQ,Remove,
6/5/2026,943,35620,Radinert,5/1/2026 - 5/31/2026,8150,KR EQ,Remove,
6/4/2026,951,36034,fiaffiliation,6/4/2026 - 6/4/2026,47.52,Credited to Client Portal,Remove,
6/4/2026,950,36029,Qftds.com,6/4/2026 - 6/4/2026,95.04,Credited to Client Portal,Remove,
6/4/2026,949,36035,nomadpips,6/4/2026 - 6/4/2026,475.2,Credited to Client Portal,Remove,
6/4/2026,940,35575,NextStar,5/1/2026 - 6/4/2026,43215.54,balance pmnt - UN EQ,Remove,
6/4/2026,939,35999,Ilyawolf,5/1/2026 - 5/31/2026,14100,UN GL,Remove,
6/4/2026,938,35684,ghassan,5/1/2026 - 5/31/2026,660,UN GL,Remove,
6/4/2026,937,36007,JadeTrade,5/1/2026 - 5/31/2026,1900,UN GL,Remove,
6/3/2026,936,36034,fiaffiliation,6/3/2026 - 6/3/2026,37.92,Credited to Client Portal,Remove,
6/3/2026,935,36029,Qftds.com,6/3/2026 - 6/3/2026,75.84,Credited to Client Portal,Remove,
6/3/2026,934,36035,nomadpips,6/3/2026 - 6/3/2026,379.2,Credited to Client Portal,Remove,
6/3/2026,933,35060,Cantax,5/1/2026 - 5/31/2026,38984,OPENPAYD MOON,Remove,
6/3/2026,932,36037,Ademsgr,5/1/2026 - 5/31/2026,1060,UN GL,Remove,
6/3/2026,931,35822,lu_galis,5/1/2026 - 5/31/2026,850,XOALA MOON,Remove,
6/3/2026,930,35822,lu_galis,4/1/2026 - 4/30/2026,850,XOALA MOON,Remove,
6/3/2026,929,35680,signalstrading,5/1/2026 - 5/31/2026,1445,UN GL,Remove,
6/3/2026,927,36034,fiaffiliation,6/2/2026 - 6/2/2026,31.68,Credited to Client Portal,Remove,
6/3/2026,926,36035,nomadpips,6/2/2026 - 6/2/2026,316.8,Credited to Client Portal,Remove,
6/3/2026,925,35576,armaster,5/1/2026 - 5/31/2026,5227,UN GL,Remove,
6/3/2026,924,36027,Andrewkot,5/1/2026 - 5/31/2026,900,UN GL,Remove,
6/3/2026,923,35596,Robert,4/1/2026 - 4/30/2026,3735,EQ EQ,Remove,
6/3/2026,922,35596,Robert,4/1/2026 - 4/30/2026,3500,EQ EQ,Remove,
6/3/2026,921,35938,sardarsaad1,5/1/2026 - 5/31/2026,1865,UN GL,Remove,
6/3/2026,920,35302,bridges,5/1/2026 - 5/31/2026,55714,KR EQ,Remove,
6/2/2026,928,36029,Qftds.com,6/2/2026 - 6/2/2026,63.36,Credited to Client Portal,Remove,
6/2/2026,919,35942,ser_ious,5/1/2026 - 5/31/2026,33200,UN GL,Remove,
6/2/2026,918,35851,Abilovfx,5/1/2026 - 5/31/2026,11385,un gl,Remove,
6/2/2026,917,35800,fxstate,5/1/2026 - 5/31/2026,23200,UN GL,Remove,
6/2/2026,916,35943,ajrebates,5/1/2026 - 6/2/2026,4325.74,UN GL,Remove,
6/2/2026,915,35752,Alexmaster,5/1/2026 - 5/31/2026,6170,UN GL,Remove,
6/2/2026,914,35796,MasterDen,5/1/2026 - 5/31/2026,10608,Un gl,Remove,
6/2/2026,913,35886,Empire,5/1/2026 - 5/31/2026,15200,UNIWIRE GL,Remove,
6/2/2026,912,35853,levrone-bw,5/1/2026 - 5/31/2026,36315,UN GL,Remove,
6/2/2026,911,36017,fxone6,5/1/2026 - 5/31/2026,5200,UN GL,Remove,
6/2/2026,910,35850,CentralBrokers1,5/1/2026 - 5/31/2026,9238,UN GL,Remove,
6/1/2026,909,35272,Mertyoz,5/25/2026 - 5/31/2026,61223.65,KR MOON,Remove,
6/1/2026,908,35461,vanmanhlh@gmail.com,5/1/2026 - 6/1/2026,1163.55,credited on account TA 1210028,Remove,
5/29/2026,907,35597,junji2,5/18/2026 - 5/24/2026,11800,UN GL,Remove,
5/29/2026,906,35180,jonathanvareymitchell,5/18/2026 - 5/24/2026,50800,UN GL,Remove,
5/29/2026,905,35799,junji5,5/18/2026 - 5/24/2026,6000,UN GL,Remove,
5/29/2026,904,35198,junjix,5/18/2026 - 5/24/2026,5000,UN GL,Remove,
5/29/2026,903,35575,NextStar,5/1/2026 - 5/29/2026,11036.1,UN GL,Remove,
5/27/2026,902,35172,rentestrebates,5/17/2026 - 5/17/2026,5748,",""Remove",,
5/27/2026,901,35172,rentestrebates,5/17/2026 - 5/17/2026,52,Credited to Trading Account 926463,Remove,
5/26/2026,900,35227,melofx,5/1/2026 - 5/31/2026,10344,prepmnt Fra wallet,Remove,
5/25/2026,899,35943,ajrebates,5/1/2026 - 5/25/2026,16632.32,UN GL,Remove,
5/25/2026,898,35272,Mertyoz,5/18/2026 - 5/24/2026,37492.35,"Fanbasis: $537.31
Prop: 0
FX: $37,492.35 PAID VIA FRA WALLET",Remove,
5/25/2026,897,35263,fxnhsignals,4/1/2026 - 4/30/2026,2000,UN GL,Remove,
5/24/2026,896,35575,NextStar,5/14/2026 - 5/21/2026,9102,Paid Un Global,Remove,
5/21/2026,895,35597,junji2,5/11/2026 - 5/17/2026,16800,KR MOON,Remove,
5/21/2026,894,35180,jonathanvareymitchell,5/11/2026 - 5/17/2026,21800,KR MOON,Remove,
5/21/2026,893,35799,junji5,5/11/2026 - 5/17/2026,6600,UN GL,Remove,
5/21/2026,892,35198,junjix,5/11/2026 - 5/17/2026,5600,KR MOON,Remove,
5/21/2026,891,35801,EpLagundo84,3/1/2026 - 5/20/2026,3550,Xoala MOON,Remove,
5/20/2026,890,35270,WealthWave,2/1/2026 - 4/30/2026,20000,UN GL,Remove,
5/20/2026,889,35231,MoonAff,4/1/2026 - 4/30/2026,27200,UN EQ,Remove,
5/19/2026,887,35272,Mertyoz,5/11/2026 - 5/17/2026,32446.98,paid by R & F,Remove,
5/18/2026,886,35401,Archieward99,4/1/2026 - 4/30/2026,5000,UN GL,Remove,
5/18/2026,885,35943,ajrebates,1/1/2024 - 5/17/2026,29232.95,UN,Remove,
5/18/2026,884,35938,sardarsaad1,4/1/2026 - 4/30/2026,914.55,UN GL,Remove,
5/17/2026,883,35575,NextStar,5/10/2026 - 5/17/2026,10585.65,Paid via crypto,Remove,
5/15/2026,882,35637,Loconsole,4/1/2026 - 4/30/2026,4819,EQ EQ,Remove,
5/15/2026,881,35796,MasterDen,4/1/2026 - 4/30/2026,5248,UN GL,Remove,
5/15/2026,878,35596,Robert,4/1/2026 - 4/30/2026,3725,EQ EQ,Remove,
5/15/2026,877,35597,junji2,5/4/2026 - 5/10/2026,8000,KR MOON,Remove,
5/15/2026,876,35180,jonathanvareymitchell,5/4/2026 - 5/10/2026,33000,KR MOON,Remove,
5/15/2026,875,35799,junji5,5/4/2026 - 5/10/2026,3400,UN GL,Remove,
5/15/2026,874,35198,junjix,5/4/2026 - 5/10/2026,3200,KR MOON,Remove,
5/14/2026,879,35596,Robert,4/1/2026 - 4/30/2026,13500,13.5+1.5 = 15 un gl,Remove,
5/14/2026,873,35957,Fxmustafa,5/1/2026 - 4/30/2026,5000,un gl,Remove,
5/14/2026,872,35863,diamondfc10,4/1/2026 - 4/30/2026,5089,mar partil pmnt and april - euro 4301.65 equals eq,Remove,
5/14/2026,871,35596,Robert,4/1/2026 - 4/30/2026,1500,UN GL,Remove,
5/13/2026,870,35886,Empire,4/1/2026 - 4/30/2026,5100,Un gl,Remove,
5/12/2026,880,35596,Robert,4/1/2026 - 4/30/2026,1110,UN GL,Remove,
5/12/2026,869,35851,Abilovfx,4/1/2026 - 4/30/2026,4200,UN GL,Remove,
5/11/2026,888,35596,Robert,4/1/2026 - 4/30/2026,965.9,un gl,Remove,
5/11/2026,866,35596,Robert,4/1/2026 - 4/30/2026,3390,UN GL,Remove,
5/11/2026,865,35596,Robert,4/1/2026 - 4/30/2026,5282,UN GL,Remove,
5/11/2026,864,35596,Robert,4/1/2026 - 4/30/2026,175,UN GL,Remove,
5/11/2026,863,35224,theforexcomplex,4/1/2026 - 4/30/2026,2900,kr eq,Remove,
5/11/2026,862,35272,Mertyoz,5/5/2026 - 5/11/2026,12145,35k & 1214 5 - 47145 kr eq,Remove,
5/11/2026,861,35272,Mertyoz,4/1/2026 - 4/30/2026,35000,trustwallet fra,Remove,
5/11/2026,860,35284,fxnltrading,4/1/2026 - 4/30/2026,7350,KR EQ,Remove,
5/11/2026,859,35576,armaster,4/1/2026 - 4/30/2026,2000,trustwallet moon,Remove,
5/11/2026,858,35575,NextStar,4/1/2026 - 4/30/2026,22090,moon trust wallet,Remove,
5/8/2026,867,35850,CentralBrokers1,4/1/2026 - 4/30/2026,618,UN GL,Remove,
5/8/2026,857,35596,Robert,4/1/2026 - 4/30/2026,1000,UN GL,Remove,
5/8/2026,856,35060,Cantax,4/1/2026 - 4/30/2026,7000,un moon,Remove,
5/8/2026,855,35060,Cantax,4/1/2026 - 4/30/2026,39197,open moon,Remove,
5/8/2026,854,35273,Fredtrading,4/1/2026 - 4/30/2026,35411,KR MOON,Remove,
5/8/2026,853,35270,WealthWave,4/1/2026 - 4/30/2026,115509,KR MOON,Remove,
5/8/2026,852,35829,koskos8,4/27/2026 - 5/3/2026,200,UN GL,Remove,
5/8/2026,851,35597,junji2,4/27/2026 - 5/3/2026,13000,KR MOON,Remove,
5/8/2026,850,35180,jonathanvareymitchell,4/27/2026 - 5/4/2026,38900,KR EQ,Remove,
5/8/2026,849,35799,junji5,4/27/2026 - 5/3/2026,1200,UN GL,Remove,
5/8/2026,848,35198,junjix,3/27/2026 - 5/3/2026,4200,KR MOON,Remove,
5/7/2026,847,35866,Er21960721,4/1/2026 - 4/30/2026,5974,UN GL,Remove,
5/6/2026,842,35942,ser_ious,4/1/2026 - 4/30/2026,2600,UN GL,Remove,
5/6/2026,841,35477,frenibusiness,4/1/2026 - 4/30/2026,7873,UN GL,Remove,
5/5/2026,839,35850,CentralBrokers1,4/1/2026 - 4/30/2026,6998,un gl,Remove,
5/5/2026,838,35741,thedealmachines,4/1/2026 - 4/30/2026,961.46,Openpayd moon,Remove,
5/5/2026,837,35596,Robert,4/1/2026 - 4/30/2026,3390,un gl,Remove,
5/5/2026,836,35596,Robert,4/1/2026 - 4/30/2026,1230,un gl,Remove,
5/5/2026,835,35893,CISaff,4/1/2026 - 4/30/2026,8400,UN GL,Remove,
5/5/2026,834,35800,fxstate,4/1/2026 - 4/30/2026,23700,UN GL,Remove,
5/5/2026,833,35302,bridges,4/1/2026 - 4/30/2026,41300,KR EQ,Remove,
5/5/2026,832,35461,vanmanhlh@gmail.com,4/1/2026 - 5/5/2026,1340.49,Commissions credited on account 1210028,Remove,
5/4/2026,840,35850,CentralBrokers1,4/1/2026 - 4/30/2026,4692,un gl,Remove,
5/4/2026,831,35272,Mertyoz,4/28/2026 - 5/4/2026,40292,KR EQ,Remove,
5/4/2026,830,35620,Radinert,4/1/2026 - 4/30/2026,4350,UNIWIRE MOON,Remove,
5/4/2026,829,35401,Archieward99,4/16/2026 - 4/22/2026,6000,un moon,Remove,
5/4/2026,828,35926,ReignCapital,4/1/2026 - 4/30/2026,2500,UN MOON,Remove,
5/4/2026,827,35680,signalstrading,4/1/2026 - 4/30/2026,694,un moon,Remove,
5/4/2026,826,35853,levrone-bw,4/1/2026 - 4/30/2026,33800,UN MOON,Remove,
5/4/2026,824,35392,legend_circle,4/1/2026 - 4/30/2026,1000,UN MOON,Remove,
5/4/2026,823,35180,jonathanvareymitchell,4/1/2026 - 4/30/2026,40000,bonus for April,Remove,
5/4/2026,822,35799,junji5,4/20/2026 - 4/26/2026,2000,",""Remove",,
5/4/2026,821,35198,junjix,4/20/2026 - 4/26/2026,2000,",""Remove",,
5/4/2026,820,35180,jonathanvareymitchell,4/20/2026 - 4/26/2026,33010,",""Remove",,
5/4/2026,819,35597,junji2,4/20/2026 - 4/26/2026,9800,",""Remove",,
5/3/2026,846,35227,melofx,4/1/2026 - 4/30/2026,44200,fr wal,Remove,
5/3/2026,845,35262,mastermelo,4/1/2026 - 4/30/2026,600,fr wal,Remove,
5/3/2026,844,35197,Basilatwani,4/1/2026 - 4/30/2026,59850,KR,Remove,
4/28/2026,818,35272,Mertyoz,4/21/2026 - 4/27/2026,79711.6,Eq Eq 96172.10,Remove,
4/25/2026,817,35597,junji2,4/13/2026 - 4/19/2026,8400,kr eq,Remove,
4/25/2026,816,35180,jonathanvareymitchell,4/13/2026 - 4/19/2026,34180,kr eq,Remove,
4/25/2026,815,35799,junji5,4/13/2026 - 4/19/2026,200,kr eq,Remove,
4/25/2026,814,35198,junjix,4/13/2026 - 4/19/2026,1700,kr eq,Remove,
4/24/2026,812,35180,jonathanvareymitchell,4/6/2026 - 4/12/2026,35130,KR,Remove,
4/23/2026,809,35813,Cwillows,3/1/2026 - 3/31/2026,500,Rapyd MOON,Remove,
4/20/2026,808,35272,Mertyoz,4/14/2026 - 4/20/2026,60817.35,"Eq Eq 64,990.35",Remove,
4/20/2026,807,35607,JamieLeon,3/1/2026 - 3/31/2026,4297,EQ EQ,Remove,
4/20/2026,806,35637,Loconsole,3/1/2026 - 3/31/2026,5867,EQ EQ,Remove,
4/20/2026,805,35263,fxnhsignals,3/1/2026 - 3/31/2026,15000,UN GL,Remove,
4/20/2026,804,35638,Dunnyfxt,2/1/2026 - 2/28/2026,2500,UN GL,Remove,
4/20/2026,803,35144,ajmudronja2,8/1/2025 - 3/31/2026,30000,UN GL,Remove,
4/17/2026,813,35597,junji2,4/6/2026 - 4/12/2026,3200,KR,Remove,
4/17/2026,811,35799,junji5,4/6/2026 - 4/12/2026,1200,KR,Remove,
4/17/2026,810,35198,junjix,4/6/2026 - 4/12/2026,2400,KR MOON,Remove,
4/15/2026,868,35138,diamondfc,4/1/2026 - 4/30/2026,30,comm was 273 not 243 paid 15/04/2026,Remove,
4/15/2026,825,35392,legend_circle,3/1/2026 - 3/31/2026,650,UN MOON,Remove,
6/17/2026,1005,35968,Pip24h,5/1/2026 - 6/17/2026,106.86,X Moon,Remove,
6/17/2026,1004,35224,theforexcomplex,5/1/2026 - 5/31/2026,3750,X Eq,Remove,
6/16/2026,1003,36035,nomadpips,Up to 06/16/2026,2031.4,"Automatically created from payment request ID 27, X Moon",Remove,
6/16/2026,1002,35863,diamondfc10,5/1/2026 - 5/31/2026,1775,X Eq,Remove,
6/16/2026,1001,35143,ajmudronja,3/1/2026 - 6/11/2026,32309,X Moon,Remove,
6/15/2026,1000,35477,frenibusiness,5/1/2026 - 5/31/2026,518,X Moon,Remove,
6/15/2026,999,35973,masteritsliam35972,6/8/2026 - 6/14/2026,600,X EQ,Remove,
6/15/2026,998,36080,dmo1master,6/8/2026 - 6/14/2026,300,X Eq,Remove,
6/15/2026,997,35952,dmo1,6/8/2026 - 6/14/2026,400,X Eq,Remove,
6/15/2026,996,35980,masterdm0235953,6/8/2026 - 6/14/2026,2700,X Eq,Remove,
6/15/2026,995,35953,dm02,6/8/2026 - 6/14/2026,1650,X Eq,Remove,
6/15/2026,994,36075,masterdutch,6/8/2026 - 6/14/2026,6600,X Eq,Remove,
6/15/2026,993,35272,Mertyoz,6/8/2026 - 6/14/2026,51179.52,X EQ,Remove,
6/15/2026,992,35637,Loconsole,6/1/2026 - 6/14/2026,4577,X Eq,Remove,
6/15/2026,991,36023,Giovix,6/10/2026 - 6/14/2026,202.57,X Moon,Remove,
6/12/2026,990,35180,jonathanvareymitchell,6/1/2026 - 6/7/2026,63000,X Eq,Remove,
6/12/2026,989,35597,junji2,6/1/2026 - 6/7/2026,17600,X Moon,Remove,
6/12/2026,988,35799,junji5,6/1/2026 - 6/7/2026,3600,X Moon,Remove,
6/12/2026,987,35198,junjix,6/1/2026 - 6/7/2026,6600,X Moon,Remove,
6/11/2026,986,36046,YahyaRascal,6/1/2026 - 6/7/2026,200,X Moon,Remove,
6/11/2026,985,36042,IsmLas,6/1/2026 - 6/7/2026,440,X Moon,Remove,
6/11/2026,984,36037,Ademsgr,6/1/2026 - 6/7/2026,1350,X Moon,Remove,
6/11/2026,983,36057,LowayGT,6/1/2026 - 6/7/2026,2000,X Moon,Remove,
6/11/2026,982,36058,Fraszov,6/1/2026 - 6/7/2026,4400,X Moon,Remove,
6/11/2026,981,36044,Cash97,6/1/2026 - 6/7/2026,8000,X Moon,Remove,
6/11/2026,980,36034,fiaffiliation,Up to 06/10/2026,167.82,"Automatically created from payment request ID 21, xoala moon",Remove,
6/11/2026,979,35596,Robert,5/1/2026 - 5/31/2026,20000,X Moon,Remove,
6/11/2026,978,35198,junjix,6/1/2026 - 6/10/2026,40000,X Moon,Remove,
6/10/2026,976,36023,Giovix,5/17/2026 - 6/9/2026,126,X Moon,Remove,
6/10/2026,975,35231,MoonAff,5/1/2026 - 5/31/2026,23050,X Moon,Remove,
6/10/2026,974,35596,Robert,5/1/2026 - 5/31/2026,576,X Moon,Remove,
6/10/2026,973,35596,Robert,5/1/2026 - 5/31/2026,5900,X Moon,Remove,
6/10/2026,972,35596,Robert,5/1/2026 - 5/31/2026,320,X Moon,Remove,
6/10/2026,971,35596,Robert,5/1/2026 - 5/31/2026,5474,X Moon,Remove,
6/10/2026,970,35227,melofx,5/1/2026 - 5/31/2026,14100,Un Eq,Remove,
6/23/2026,1027,35112,mvmarketing,6/10/2026 - 6/22/2026,21794.03,EQ EQ,Remove,
6/23/2026,1026,35112,mvmarketing,6/1/2026 - 6/16/2026,21335,Uni Gl,Remove,
6/23/2026,1025,36023,Giovix,6/11/2026 - 6/22/2026,228,X Moon,Remove,
6/22/2026,1024,35143,ajmudronja,6/12/2026 - 6/21/2026,9520,X Moon,Remove,
6/22/2026,1023,36080,dmo1master,6/15/2026 - 6/21/2026,300,EQ EQ,Remove,
6/22/2026,1022,35952,dmo1,6/15/2026 - 6/21/2026,400,EQ EQ,Remove,
6/22/2026,1021,36075,masterdutch,6/15/2026 - 6/21/2026,2100,EQ EQ,Remove,
6/22/2026,1020,36074,dutch,6/15/2026 - 6/21/2026,9250,EQ EQ,Remove,
6/22/2026,1019,35272,Mertyoz,6/15/2026 - 6/21/2026,47436.21,EQ EQ,Remove,
6/19/2026,1018,35597,junji2,6/8/2026 - 6/14/2026,16600,X Moon,Remove,
6/19/2026,1017,35180,jonathanvareymitchell,6/8/2026 - 6/14/2026,38150,X Moon,Remove,
6/19/2026,1016,35799,junji5,6/8/2026 - 6/14/2026,3400,X Moon,Remove,
6/19/2026,1015,35198,junjix,6/8/2026 - 6/14/2026,4600,X Moon,Remove,
6/18/2026,1014,35575,NextStar,6/1/2026 - 6/18/2026,134991.88,xoala moon,Remove,
6/18/2026,1013,36046,YahyaRascal,6/8/2026 - 6/14/2026,420,X Moon,Remove,
6/18/2026,1012,36044,Cash97,6/8/2026 - 6/14/2026,10000,X Moon,Remove,
6/18/2026,1011,36069,Enzol55,6/8/2026 - 6/14/2026,15850,X moon,Remove,
6/18/2026,1010,36077,bmx.cash@icloud.com,6/8/2026 - 6/14/2026,1270,X Moon,Remove,
6/18/2026,1009,36064,Victor01,6/8/2026 - 6/14/2026,1700,X Moon,Remove,
6/18/2026,1008,36058,Fraszov,6/8/2026 - 6/14/2026,1800,X Moon,Remove,
6/18/2026,1007,36122,Itssdavy,6/8/2026 - 6/14/2026,2789,X Moon,Remove,
6/18/2026,1006,36057,LowayGT,6/8/2026 - 6/14/2026,4400,X Moon,Remove,
8/12/2026,,36348,RobinA,7/1/2026 - 7/31/2026,1500,x eq,,
8/12/2026,,36209,callmewez,7/1/2026 - 7/31/2026,3300,x eq,,
8/12/2026,,36208,vantyra,7/1/2026 - 7/31/2026,750,x eq,,
8/12/2026,,36181,Widdemind,7/1/2026 - 7/31/2026,6300,x eq,,
8/12/2026,,35893,CISaff,7/1/2026 - 7/31/2026,5664,x eq,,
8/11/2026,,35850,CentralBrokers1,7/1/2026 - 7/31/2026,4095,x moon,,
8/11/2026,,35596,Robert,5/1/2026 - 6/30/2026,57730,op moon (50K eur),,
8/11/2026,,35968,Pip24h,7/28/2026 - 8/10/2026,279,x moon,,
8/11/2026,,35926,ReignCapital,7/1/2026 - 7/31/2026,6650,op moon,,
8/11/2026,,35231,MoonAff,7/1/2026 - 7/31/2026,20550,x eq,,
8/11/2026,,35607,JamieLeon,8/3/2026 - 8/9/2026,2589.05,op eq,,
8/11/2026,,36230,Brutewolf6719,7/1/2026 - 7/31/2026,6900,x moon,,
8/10/2026,,35272,Mertyoz,8/3/2026 - 8/9/2026,32498,EQ EQ,,
8/10/2026,,35596,Robert,5/1/2026 - 5/31/2026,1113,x moon,,
8/10/2026,,35596,Robert,5/1/2026 - 5/31/2026,1722,x moon,,
8/10/2026,,35596,Robert,5/1/2026 - 5/31/2026,9135,x moon,,
8/10/2026,,35180,jonathanvareymitchell,7/1/2026 - 7/31/2026,50000,x eq (Commission Bonus),,
8/10/2026,,35270,WealthWave,7/1/2026 - 7/31/2026,72570,OP EQ (63519.88 EUR),,
8/10/2026,,35270,WealthWave,7/1/2026 - 7/31/2026,80780,OP EQ (70698EUR),,
8/10/2026,,35597,junji2,8/4/2026 - 8/10/2026,21200,x moon,,
8/10/2026,,35180,jonathanvareymitchell,7/28/2026 - 8/10/2026,47600,X MOON,,
8/10/2026,,35829,koskos8,8/4/2026 - 8/10/2026,200,x moon,,
8/10/2026,,35799,junji5,8/4/2026 - 8/10/2026,3600,x moon,,
8/10/2026,,35198,junjix,8/4/2026 - 8/10/2026,3600,x moon,,
8/10/2026,,36127,michtrading,Up to 08/08/2026,1643.8,"Automatically created from payment request ID 107, X Moon",,
8/10/2026,,36008,FX_Media,7/1/2026 - 7/31/2026,1200,un gl,,
8/10/2026,,35943,ajrebates,8/3/2026 - 8/9/2026,3322,un gl,,
8/10/2026,,36174,mainfunnelcpa,Up to 08/07/2026,23200,"Automatically created from payment request ID 106, un gl",,
8/7/2026,,35302,bridges,7/1/2026 - 7/31/2026,55000,UN EQ,,
8/7/2026,,35680,signalstrading,7/1/2026 - 7/31/2026,1320,un gl,,
8/6/2026,,36101,Lukede,7/29/2026 - 8/5/2026,1509.76,eq eq,,
8/6/2026,,36251,Cowperwood,7/1/2026 - 7/31/2026,580,un gl,,
8/6/2026,,36024,lossanitos,7/1/2026 - 7/31/2026,37282,un gl,,
8/6/2026,,36023,Giovix,7/30/2026 - 8/6/2026,322,un gl,,
8/6/2026,,36177,pavelrybkin,7/1/2026 - 7/31/2026,2700,UN GL,,
8/6/2026,,35575,NextStar,7/31/2026 - 8/6/2026,12499,UN GL,,
8/6/2026,,36231,Forexpert10,7/1/2026 - 8/2/2026,3100,x eq,,
8/6/2026,,36137,Breylis12,7/13/2026 - 8/2/2026,1080,UN GL,,
8/6/2026,,36374,Olga_master,7/27/2026 - 8/2/2026,1690,un gl,,
8/6/2026,,36347,Giuser,7/27/2026 - 8/2/2026,1690,un gl,,
8/6/2026,,35342,easysignals,Up to 08/06/2026,2200,"Automatically created from payment request ID 102, un gl",,
8/6/2026,,36285,lucostanza,Up to 08/05/2026,889.8,"Automatically created from payment request ID 98, un gl",,
8/6/2026,,36128,master36127,Up to 08/05/2026,2517.75,"Automatically created from payment request ID 99, un gl",,
8/6/2026,,36141,Protoma,Up to 08/05/2026,2850,"Automatically created from payment request ID 101, un gl",,
8/6/2026,,36107,kog2026,7/27/2026 - 8/2/2026,1700,op moon,,
8/6/2026,,36183,Davogold,7/27/2026 - 8/2/2026,8100,op moon,,
8/6/2026,,36045,jmtradee,7/27/2026 - 8/2/2026,11214,op moon,,
8/6/2026,,36046,YahyaRascal,7/27/2026 - 8/2/2026,310,UN GL,,
8/6/2026,,36279,ZayedFx_master,7/27/2026 - 8/2/2026,1070,UN GL,,
8/6/2026,,36042,IsmLas,7/27/2026 - 8/2/2026,1291,UN GL,,
8/6/2026,,36052,SerPer,7/27/2026 - 8/2/2026,1480,UN GL,,
8/6/2026,,36144,Lucas_master,7/27/2026 - 8/2/2026,2090,UN GL,,
8/6/2026,,36077,bmx.cash@icloud.com,7/27/2026 - 8/2/2026,880,UN GL,,
8/6/2026,,36079,madsredpath,7/27/2026 - 8/2/2026,1000,UN GL,,
8/6/2026,,36234,Lucasss_btc,7/27/2026 - 8/2/2026,1700,UN GL,,
8/6/2026,,36057,LowayGT,7/27/2026 - 8/2/2026,3100,UN GL,,
8/6/2026,,36147,Enzo_vip,7/27/2026 - 8/2/2026,9270,UN GL,,
8/6/2026,,36265,alaouiyassine01,7/27/2026 - 8/2/2026,10800,UN GL,,
8/6/2026,,36044,Cash97,7/27/2026 - 8/2/2026,11000,UN GL,,
8/6/2026,,36143,Lucasss,7/27/2026 - 8/2/2026,13200,UN GL,,
8/6/2026,,36372,Olgatraffic,7/27/2026 - 8/2/2026,16900,UN GL,,
8/6/2026,,36069,Enzol55,7/27/2026 - 8/2/2026,42100,UN GL,,
8/6/2026,,35596,Robert,5/1/2026 - 5/31/2026,3100,un gl,,
8/5/2026,,36116,fiaffiliationcpa,Up to 08/05/2026,891,"Automatically created from payment request ID 97, un gl",,
8/5/2026,,36105,niksher,7/1/2026 - 7/31/2026,1230,x moon,,
8/5/2026,,35853,levrone-bw,7/1/2026 - 7/31/2026,41328,un gl,,
8/5/2026,,36164,Netrader,8/1/2026 - 8/5/2026,5178,un gl,,
8/5/2026,,36138,grantfx,8/1/2026 - 8/5/2026,1100,UN GL,,
8/4/2026,,36247,Ladesov,7/1/2026 - 7/31/2026,1170,un gl,,
8/4/2026,,36109,goodvibes,7/1/2026 - 7/31/2026,10400,UN GL,,
8/4/2026,,35596,Robert,5/1/2026 - 5/31/2026,1000,UN GL,,
8/4/2026,,35596,Robert,5/1/2026 - 5/31/2026,2720,UN GL,,
8/4/2026,,36117,masternayia,Up to 08/03/2026,669,"Automatically created from payment request ID 94, Openpayd Moon eur 587.07",,
8/4/2026,,35738,TRADEX,8/1/2026 - 8/31/2026,5000,UN GL,,
8/4/2026,,36098,quicklead,7/1/2026 - 7/31/2026,638,UN GL,,
8/4/2026,,36017,fxone6,7/1/2026 - 8/31/2026,2300,UN GL,,
8/4/2026,,36007,JadeTrade,7/1/2026 - 7/31/2026,16200,UN EQ,,
8/4/2026,,35262,mastermelo,7/1/2026 - 7/31/2026,600,un gl,,
8/4/2026,,35227,melofx,7/1/2026 - 7/31/2026,31800,un gl,,
8/4/2026,,36296,melorebates,7/1/2026 - 7/31/2026,5200,un gl,,
8/4/2026,,35465,Billionairetrading,7/1/2026 - 7/31/2026,3500,un gl,,
8/3/2026,,36027,Andrewkot,7/1/2026 - 7/31/2026,10700,un gl,,
8/3/2026,,36027,Andrewkot,7/1/2026 - 7/31/2026,3000,un gl,,
8/3/2026,,35607,JamieLeon,7/22/2026 - 8/2/2026,1466.8,op eq,,
8/3/2026,,35112,mvmarketing,7/1/2026 - 7/31/2026,122464,"op eq 77676 (20k & 47371k eur)
un gl 44788",,
8/3/2026,,35800,fxstate,7/1/2026 - 7/31/2026,47100,un gl,,
8/3/2026,,36352,Katia.crypto,7/1/2026 - 7/31/2026,10500,un gl,,
8/3/2026,,36336,vladwow25,7/1/2026 - 7/31/2026,9600,un gl,,
8/3/2026,,36166,illiarudenko,7/1/2026 - 7/31/2026,13600,un gl,,
8/3/2026,,36165,VSN777,7/1/2026 - 7/31/2026,11400,un gl,,
8/3/2026,,36277,y_batko,7/1/2026 - 7/31/2026,18500,x moon,,
8/3/2026,,36098,quicklead,7/1/2026 - 7/31/2026,3150,x moon,,
8/3/2026,,35944,orlan123,7/1/2026 - 7/31/2026,6100,X moon,,
8/3/2026,,35886,Empire,7/1/2026 - 7/31/2026,32500,un gl,,
8/3/2026,,35942,ser_ious,7/1/2026 - 7/31/2026,29857,un gl,,
8/3/2026,,35999,Ilyawolf,7/1/2026 - 7/31/2026,9547,x moon,,
8/3/2026,,35943,ajrebates,7/27/2026 - 8/2/2026,2522,x moon,,
8/3/2026,,36075,masterdutch,7/27/2026 - 8/2/2026,300,eq eq,,
8/3/2026,,36074,dutch,7/27/2026 - 8/2/2026,650,eq eq,,
8/3/2026,,35272,Mertyoz,7/27/2026 - 8/2/2026,49600,eq eq,,
8/3/2026,,35197,Basilatwani,7/1/2026 - 7/31/2026,80100,un gl,,
8/3/2026,,36013,freadman,7/1/2026 - 7/31/2026,7900,x moon,,
8/3/2026,,35948,menamedia,7/1/2026 - 7/31/2026,19660,nbd equitech,,
8/3/2026,,36062,masterguillem1,7/30/2026 - 8/3/2026,800,PMNT ON BCE UN GL,,
8/3/2026,,35597,junji2,7/30/2026 - 8/3/2026,6200,PMNT ON BCE UN GL,,
8/3/2026,,35180,jonathanvareymitchell,7/30/2026 - 8/3/2026,19600,PMNT ON BCE UN GL,,
8/3/2026,,35799,junji5,7/30/2026 - 8/3/2026,1000,Pmnt of bce - UN GL,,
8/3/2026,,35198,junjix,7/30/2026 - 8/3/2026,2200,pmnt on balance UN GL,,
8/3/2026,,36127,michtrading,Up to 08/01/2026,2009,"Automatically created from payment request ID 91, un gl",,
8/3/2026,,36313,whanau,Up to 07/31/2026,3631.1,"Automatically created from payment request ID 90, un gl",,
7/31/2026,,35948,menamedia,7/1/2026 - 7/31/2026,346,nbd equitech,,
7/31/2026,,35575,NextStar,7/23/2026 - 7/30/2026,19010,x moon,,
7/31/2026,,35637,Loconsole,6/15/2026 - 7/29/2026,2876,x moon,,
7/31/2026,,35597,junji2,7/24/2026 - 7/30/2026,27000,x moon,,
7/31/2026,,35180,jonathanvareymitchell,7/24/2026 - 7/30/2026,37400,X moon,,
7/31/2026,,35799,junji5,7/24/2026 - 7/30/2026,1000,x moon,,
7/31/2026,,35198,junjix,7/24/2026 - 7/30/2026,10200,x moon,,
7/31/2026,,35741,thedealmachines,5/1/2026 - 6/30/2026,182.89,Op moon,,
7/30/2026,,36265,alaouiyassine01,7/20/2026 - 7/26/2026,12400,x moon,,
7/30/2026,,36179,Joaoten,6/1/2026 - 7/26/2026,1350,un eq,,
7/30/2026,,36023,Giovix,7/20/2026 - 7/29/2026,507,x moon,,
7/30/2026,,36082,Ivanhk,7/13/2026 - 7/26/2026,1000,op moon,,
7/30/2026,,36107,kog2026,7/20/2026 - 7/26/2026,2200,op moon,,
7/30/2026,,36069,Enzol55,7/20/2026 - 7/26/2026,59050,op moon,,
7/30/2026,,36045,jmtradee,7/20/2026 - 7/26/2026,10973,op moon,,
7/30/2026,,36279,ZayedFx_master,7/20/2026 - 7/26/2026,1260,x moon,,
7/30/2026,,36046,YahyaRascal,7/20/2026 - 7/26/2026,360,x moon,,
7/30/2026,,36042,IsmLas,7/20/2026 - 7/26/2026,1318,un gl,,
7/30/2026,,36052,SerPer,7/20/2026 - 7/26/2026,3590,un gl,,
7/30/2026,,36144,Lucas_master,7/20/2026 - 7/26/2026,2983,x moon,,
7/30/2026,,36168,Laksira,7/13/2026 - 7/26/2026,1650,x moon,,
7/30/2026,,36032,mohamednouh,7/16/2026 - 7/26/2026,548,x moon,,
7/30/2026,,36077,bmx.cash@icloud.com,7/20/2026 - 7/26/2026,410,x moon,,
7/30/2026,,36079,madsredpath,7/20/2026 - 7/26/2026,1000,x moon,,
7/30/2026,,36234,Lucasss_btc,7/20/2026 - 7/26/2026,2600,x moon,,
7/30/2026,,36147,Enzo_vip,7/20/2026 - 7/26/2026,2940,X moon,,
7/30/2026,,36057,LowayGT,7/20/2026 - 7/26/2026,3600,x moon,,
7/30/2026,,36044,Cash97,7/20/2026 - 7/26/2026,12500,x moon,,
7/30/2026,,36143,Lucasss,7/20/2026 - 7/26/2026,32600,x moon,,
7/30/2026,,35808,Markeliticsmaster,7/1/2026 - 7/30/2026,150,x moon,,
7/30/2026,,35806,bosioriccardo,7/1/2026 - 7/30/2026,600,X Moon,,
7/29/2026,,36101,Lukede,7/20/2026 - 7/28/2026,1480.86,EQ EQ,,
7/29/2026,,36314,Lorenzo,Up to 07/29/2026,251.21,"Automatically created from payment request ID 82, UN GL",,
7/29/2026,,36128,master36127,Up to 07/29/2026,2447.25,"Automatically created from payment request ID 81, UN GL",,
7/28/2026,,36062,masterguillem1,7/1/2026 - 7/23/2026,2800,UN GL,,
7/28/2026,,36091,guillem2,7/1/2026 - 7/23/2026,1000,UN GL,,
7/28/2026,,35597,junji2,7/1/2026 - 7/23/2026,15600,UN GL,,
7/28/2026,,35180,jonathanvareymitchell,7/1/2026 - 7/23/2026,30224.55,UN GL,,
7/28/2026,,35799,junji5,7/1/2026 - 7/23/2026,4600,XOALA MOON,,
7/28/2026,,35198,junjix,7/1/2026 - 7/23/2026,5400.36,XOALA MOON,,
7/28/2026,,35968,Pip24h,7/17/2026 - 7/28/2026,193,pmnt on b/e un gl,,
7/28/2026,,35575,NextStar,7/17/2026 - 7/23/2026,8450,Un gl,,
7/28/2026,,35596,Robert,5/1/2026 - 5/31/2026,5750,un gl,,
7/28/2026,,35284,fxnltrading,6/1/2026 - 6/30/2026,2800,XOALA MOON,,
7/27/2026,,35272,Mertyoz,7/20/2026 - 7/26/2026,44182.7,paid via un eq 22091.35 and eq eq 22091.35,,
7/27/2026,,36175,AureumFX,Up to 07/27/2026,365.7,"Automatically created from payment request ID 77, UN GL",,
7/27/2026,,35943,ajrebates,7/20/2026 - 7/27/2026,3756,UN GL,,
7/24/2026,,36127,michtrading,Up to 07/24/2026,785,"Automatically created from payment request ID 75, UN GL",,
7/23/2026,,36043,AJPerez,6/18/2026 - 7/19/2026,135,UN GL,,
7/23/2026,,36107,kog2026,6/22/2026 - 7/19/2026,3900,op moon,,
7/23/2026,,36057,LowayGT,7/13/2026 - 7/19/2026,4100,XOALA EQ,,
7/23/2026,,35678,lukedes,7/6/2026 - 7/19/2026,1237,OPEN MOON,,
7/23/2026,,36045,jmtradee,7/13/2026 - 7/19/2026,9490,OPEN MOON,,
7/23/2026,,36303,Breylist12_master,7/1/2026 - 7/19/2026,62,UN GL,,
7/23/2026,,36046,YahyaRascal,7/13/2026 - 7/19/2026,410,UN GL,,
7/23/2026,,36042,IsmLas,7/13/2026 - 7/19/2026,1259,UN GL,,
7/23/2026,,36279,ZayedFx_master,7/1/2026 - 7/19/2026,1240,UN GL,,
7/23/2026,,36052,SerPer,7/13/2026 - 7/19/2026,3290,UN EQ,,
7/23/2026,,36144,Lucas_master,7/13/2026 - 7/19/2026,3457,UN EQ,,
7/23/2026,,36077,bmx.cash@icloud.com,7/6/2026 - 7/19/2026,590,UN EQ,,
7/23/2026,,36122,Itssdavy,7/13/2026 - 7/19/2026,2069,UN EQ,,
7/23/2026,,36147,Enzo_vip,7/13/2026 - 7/19/2026,3340,UN EQ,,
7/23/2026,,36044,Cash97,7/13/2026 - 7/19/2026,6100,UN EQ,,
7/23/2026,,36265,alaouiyassine01,7/1/2026 - 7/19/2026,12500,UN EQ,,
7/23/2026,,36234,Lucasss_btc,7/13/2026 - 7/19/2026,11400,UN EQ,,
7/23/2026,,36143,Lucasss,7/13/2026 - 7/19/2026,22200,UN EQ,,
7/23/2026,,36069,Enzol55,7/13/2026 - 7/19/2026,69000,Uniwire EQ,,
7/22/2026,,36116,fiaffiliationcpa,Up to 07/22/2026,965.8,"Automatically created from payment request ID 72, X EQ",,
7/22/2026,,35607,JamieLeon,7/1/2026 - 7/21/2026,1153.8,EQ EQ,,
7/21/2026,,35801,EpLagundo84,6/24/2026 - 7/7/2026,2800,op moon,,
7/20/2026,,36101,Lukede,7/10/2026 - 7/19/2026,821.71,eq eq,,
7/20/2026,,35272,Mertyoz,7/13/2026 - 7/19/2026,59376.9,eq eq,,
7/20/2026,,36123,Foundxations,6/1/2026 - 6/30/2026,2100,x moon,,
7/20/2026,,35273,Fredtrading,6/1/2026 - 6/30/2026,30469,x moon,,
7/20/2026,,35943,ajrebates,7/13/2026 - 7/19/2026,3570,x moon,,
7/20/2026,,35838,zehan90,6/1/2026 - 7/19/2026,927.27,un gl,,
7/20/2026,,36127,michtrading,Up to 07/18/2026,297.8,"Automatically created from payment request ID 71, X Moon",,
7/20/2026,,36023,Giovix,7/1/2026 - 7/19/2026,781.21,x moon,,
7/17/2026,,35575,NextStar,6/29/2026 - 7/16/2026,12111.5,UN GL,,
7/16/2026,,36199,Hamzataiss,6/1/2026 - 7/12/2026,140,un gl,,
7/16/2026,,36032,mohamednouh,7/6/2026 - 7/12/2026,2133,un gl,,
7/16/2026,,36148,Yorfibusines,6/22/2026 - 7/12/2026,282,,,
7/16/2026,,36046,YahyaRascal,7/6/2026 - 7/12/2026,230,,,
7/16/2026,,36042,IsmLas,6/1/2026 - 7/12/2026,1249,UN GL,,
7/16/2026,,36144,Lucas_master,7/6/2026 - 7/12/2026,1613,UN EQ,,
7/16/2026,,36052,SerPer,6/1/2026 - 7/12/2026,3980,UN GL,,
7/16/2026,,36168,Laksira,6/1/2026 - 7/12/2026,1000,UN EQ,,
7/16/2026,,36137,Breylis12,6/22/2026 - 7/12/2026,1350,UN GL,,
7/16/2026,,36056,Yorfibusiness,7/6/2026 - 7/12/2026,1250,UN GL,,
7/16/2026,,36234,Lucasss_btc,7/6/2026 - 7/12/2026,700,UN EQ,,
7/16/2026,,36147,Enzo_vip,7/6/2026 - 7/12/2026,800,UN EQ,,
7/16/2026,,36212,Alikhaddor,7/6/2026 - 7/12/2026,1400,UN GL,,
7/16/2026,,36210,Lionfx,7/6/2026 - 7/12/2026,1300,UN GL,,
7/16/2026,,36122,Itssdavy,7/6/2026 - 7/12/2026,1817,UN EQ,,
7/16/2026,,36057,LowayGT,7/6/2026 - 7/12/2026,2400,UN GL,,
7/16/2026,,36044,Cash97,7/6/2026 - 7/12/2026,8500,UN EQ,,
7/16/2026,,36069,Enzol55,7/6/2026 - 7/12/2026,32100,UN EQ,,
7/16/2026,,36143,Lucasss,7/6/2026 - 7/12/2026,39600,Un Eq,,
7/16/2026,,35198,junjix,7/1/2026 - 7/16/2026,9547,UN GL,,
7/16/2026,,35799,junji5,7/1/2026 - 7/16/2026,11250,UN EQ,,
7/16/2026,,35597,junji2,7/1/2026 - 7/16/2026,2200,UN EQ,,
7/16/2026,,35180,jonathanvareymitchell,7/1/2026 - 7/16/2026,34938,UN EG,,
7/16/2026,,36082,Ivanhk,7/6/2026 - 7/12/2026,1600,op moon,,
7/16/2026,,36045,jmtradee,7/6/2026 - 7/12/2026,15021,OP MOON,,
7/16/2026,,36127,michtrading,Up to 07/15/2026,228.4,"Automatically created from payment request ID 67, X Moon",,
7/15/2026,,35596,Robert,4/5/2026 - 4/30/2026,20000,UN GL,,
7/15/2026,,35224,theforexcomplex,6/1/2026 - 6/30/2026,474,UN EQ,,
7/14/2026,,36061,guillem1,7/1/2026 - 7/14/2026,4700,,,
7/14/2026,,35231,MoonAff,6/1/2026 - 6/30/2026,14800,UN EQ,,
7/14/2026,,35315,Andrewcga,3/1/2026 - 3/31/2026,14500,UN GL,,
7/14/2026,,35263,fxnhsignals,5/1/2026 - 5/31/2026,4400,un gl,,
7/14/2026,,36117,masternayia,Up to 07/09/2026,208,"Automatically created from payment request ID 58, X Moon",,
7/14/2026,,35272,Mertyoz,7/6/2026 - 7/12/2026,74058,OP EQ,,
7/13/2026,,35596,Robert,3/1/2026 - 4/10/2026,5560,UN GL,,
7/13/2026,,35596,Robert,6/1/2026 - 6/30/2026,974,UN GL,,
7/13/2026,,35596,Robert,6/1/2026 - 6/30/2026,4395,UN GL,,
7/13/2026,,35596,Robert,6/1/2026 - 6/30/2026,9116,UN GL,,
7/13/2026,,35967,Cammox,7/1/2026 - 7/12/2026,700,X Moon,,
7/13/2026,,35270,WealthWave,6/1/2026 - 6/30/2026,131400,X MOON,,
7/13/2026,,35943,ajrebates,6/29/2026 - 7/13/2026,3588,UN GL,,
7/13/2026,,36128,master36127,Up to 07/10/2026,1033,"Automatically created from payment request ID 62, X Moon",,
7/10/2026,,36141,Protoma,Up to 07/10/2026,950,"Automatically created from payment request ID 60, ",,
7/9/2026,,35180,jonathanvareymitchell,6/29/2026 - 7/5/2026,53100,X MOON,,
7/9/2026,,35597,junji2,6/1/2026 - 6/30/2026,19000,UN GL,,
7/9/2026,,35796,MasterDen,6/1/2026 - 6/30/2026,29605,UN EQ,,
7/9/2026,,35752,Alexmaster,6/1/2026 - 6/30/2026,7058,UN EQ,,
7/9/2026,,35180,jonathanvareymitchell,6/1/2026 - 6/30/2026,40000,Bonus Jun 2026 UN EQ,,
7/9/2026,,36164,Netrader,6/1/2026 - 6/30/2026,1150,X MOON,,
7/9/2026,,35799,junji5,6/29/2026 - 7/5/2026,2400,UN GL,,
7/9/2026,,35198,junjix,6/29/2026 - 7/5/2026,6400,UN GL,,
7/9/2026,,35678,lukedes,6/29/2026 - 7/5/2026,1015.05,OP MOON,,
7/9/2026,,36045,jmtradee,6/29/2026 - 7/5/2026,36752.25,OP MOON,,
7/9/2026,,36044,Cash97,6/29/2026 - 7/5/2026,17000,UN GL,,
7/9/2026,,36046,YahyaRascal,6/29/2026 - 7/5/2026,190,UN GL,,
7/9/2026,,36144,Lucas_master,6/29/2026 - 7/5/2026,752.5,UN GL,,
7/9/2026,,36052,SerPer,6/29/2026 - 7/5/2026,2160,UN GL,,
7/9/2026,,36042,IsmLas,6/29/2026 - 7/5/2026,1337.33,UN GL,,
7/9/2026,,36077,bmx.cash@icloud.com,6/29/2026 - 7/5/2026,950,X MOON,,
7/9/2026,,36210,Lionfx,6/29/2026 - 7/5/2026,1300,UN GL,,
7/9/2026,,36147,Enzo_vip,6/29/2026 - 7/5/2026,1780,X EQ,,
7/9/2026,,36122,Itssdavy,6/29/2026 - 7/5/2026,3062.45,X EQ,,
7/9/2026,,36057,LowayGT,6/29/2026 - 7/5/2026,5200,X EQ,,
7/9/2026,,36143,Lucasss,6/29/2026 - 7/5/2026,21600,X EQ,,
7/9/2026,,36069,Enzol55,6/29/2026 - 7/5/2026,24050,X EQ,,
7/9/2026,,35938,sardarsaad1,6/1/2026 - 6/30/2026,2754,x moon,,
7/9/2026,,36127,michtrading,Up to 07/09/2026,289.4,"Automatically created from payment request ID 56, X EQ",,
7/9/2026,,36116,fiaffiliationcpa,6/22/2026 - 7/5/2026,1034,X EQ,,
7/9/2026,,36174,mainfunnelcpa,6/22/2026 - 7/5/2026,9345,X EQ,,
7/8/2026,,36101,Lukede,6/29/2026 - 7/7/2026,1657.4,eq eq,,
7/8/2026,,35886,Empire,6/1/2026 - 6/30/2026,18900,X EQ,,
7/7/2026,,35596,Robert,5/1/2026 - 4/30/2026,3656,eq eq,,
7/7/2026,,35596,Robert,5/1/2026 - 5/31/2026,3427,eq eq,,
7/7/2026,,36105,niksher,6/1/2026 - 6/30/2026,1791,un gl,,
7/7/2026,,35944,orlan123,6/1/2026 - 6/30/2026,600,UN GL,,
7/7/2026,,35863,diamondfc10,6/1/2026 - 6/30/2026,5425,UN GL,,
7/7/2026,,35477,frenibusiness,6/1/2026 - 6/30/2026,6882,un gl,,
7/7/2026,,35112,mvmarketing,6/23/2026 - 7/6/2026,22366,X EQ,,
7/7/2026,,35465,Billionairetrading,6/1/2026 - 6/30/2026,4000,UN GL,,
7/6/2026,,35302,bridges,6/1/2026 - 6/30/2026,56237,X EQ,,
7/6/2026,,35272,Mertyoz,6/29/2026 - 7/5/2026,72338,UN EQ,,
7/6/2026,,36035,nomadpips,Up to 07/06/2026,810.4,"Automatically created from payment request ID 54, undefined",,
7/6/2026,,36127,michtrading,Up to 07/04/2026,252.6,"Automatically created from payment request ID 53, undefined",,
7/6/2026,,35607,JamieLeon,6/1/2026 - 6/30/2026,4700.4,EQ EQ,,
7/6/2026,,36007,JadeTrade,6/1/2026 - 6/30/2026,13300,X EQ,,
7/6/2026,,35475,fxgodfather,4/1/2026 - 6/30/2026,28100,X EQ,,
7/3/2026,,35850,CentralBrokers1,6/1/2026 - 6/30/2026,33754,UN EQ,,
7/3/2026,,35999,Ilyawolf,6/1/2026 - 6/30/2026,18600,UN EQ,,
7/3/2026,,36138,grantfx,6/1/2026 - 6/30/2026,1800,X MOON,,
7/3/2026,,35575,NextStar,6/22/2026 - 6/28/2026,173365.23,X EQ,,
7/3/2026,,35597,junji2,6/22/2026 - 6/28/2026,12800,UN GL,,
7/3/2026,,35180,jonathanvareymitchell,6/22/2026 - 6/28/2026,79600,UN GL,,
7/3/2026,,35799,junji5,6/22/2026 - 6/28/2026,7000,UN GL,,
7/3/2026,,35198,junjix,6/22/2026 - 6/28/2026,4000,UN GL,,
7/2/2026,,36042,IsmLas,6/22/2026 - 6/28/2026,3332,UN GL,,
7/2/2026,,36183,Davogold,6/22/2026 - 6/28/2026,2500,X MOON,,
7/2/2026,,36046,YahyaRascal,6/22/2026 - 6/28/2026,740,UN GL,,
7/2/2026,,36144,Lucas_master,6/22/2026 - 6/28/2026,2565,UN GL,,
7/2/2026,,36079,madsredpath,6/22/2026 - 6/28/2026,1700,UN GL,,
7/2/2026,,36122,Itssdavy,6/22/2026 - 6/28/2026,1168,UN GL,,
7/2/2026,,36077,bmx.cash@icloud.com,6/22/2026 - 6/28/2026,1530,X Moon,,
7/2/2026,,36147,Enzo_vip,6/22/2026 - 6/28/2026,2540,UN GL,,
7/2/2026,,36057,LowayGT,6/22/2026 - 6/28/2026,4000,X Moon,,
7/2/2026,,36044,Cash97,6/22/2026 - 6/28/2026,8000,UN GL,,
7/2/2026,,36045,jmtradee,6/22/2026 - 6/28/2026,9540,X Moon,,
7/2/2026,,36069,Enzol55,6/22/2026 - 6/28/2026,10500,X MOON,,
7/2/2026,,36024,lossanitos,6/1/2026 - 6/30/2026,35100,UN GL,,
7/2/2026,,36017,fxone6,6/1/2026 - 6/30/2026,7494,X Moon,,
7/2/2026,,35926,ReignCapital,6/1/2026 - 6/30/2026,4750,X Moon,,
7/2/2026,,35620,Radinert,6/1/2026 - 6/30/2026,9850,X Eq,,
7/2/2026,,35197,Basilatwani,6/1/2026 - 6/30/2026,35197,X Eq,,
7/2/2026,,36127,michtrading,Up to 07/02/2026,211.6,"Automatically created from payment request ID 48, X Moon",,
7/2/2026,,36109,goodvibes,6/1/2026 - 6/30/2026,7000,X EQ,,
7/2/2026,,35262,mastermelo,6/1/2026 - 6/30/2026,300,UN GL,,
7/2/2026,,35227,melofx,6/1/2026 - 6/30/2026,24000,UN GL,,
7/2/2026,,35461,vanmanhlh@gmail.com,6/1/2026 - 6/30/2026,1917,Credited to trading account 1210028,,
7/1/2026,,35851,Abilovfx,6/1/2026 - 6/30/2026,8052,X EQ,,
7/1/2026,,35680,signalstrading,6/1/2026 - 6/30/2026,2160,UN GL,,
7/1/2026,,35800,fxstate,6/1/2026 - 6/30/2026,42500,UN GL,,
7/1/2026,,35942,ser_ious,6/1/2026 - 6/30/2026,47400,UN GL,,
7/1/2026,,35596,Robert,6/1/2026 - 6/30/2026,5400,X MOON,,
7/1/2026,,36098,quicklead,6/1/2026 - 6/30/2026,2662,X MOON,,
7/1/2026,,36023,Giovix,6/11/2026 - 6/30/2026,359,X Moon,,
7/1/2026,,36027,Andrewkot,6/1/2026 - 6/30/2026,11300,UN GL,,
7/1/2026,,36166,illiarudenko,6/1/2026 - 6/30/2026,4400,X MOON,,
7/1/2026,,36165,VSN777,6/1/2026 - 6/30/2026,7100,X Moon,,
7/1/2026,,35853,levrone-bw,6/1/2026 - 6/30/2026,50281,Un Gl,,
7/1/2026,,36127,michtrading,Up to 06/30/2026,619.61,"Automatically created from payment request ID 40, X Moon",,
7/1/2026,,36128,master36127,Up to 06/30/2026,2068.5,"Automatically created from payment request ID 41, X Moon",,
7/1/2026,,36034,fiaffiliation,Up to 06/30/2026,247.92,"Automatically created from payment request ID 42, X Moon",,
6/30/2026,,36127,michtrading,Up to 06/29/2026,597.2,"Automatically created from payment request ID 39, X Moon",,
6/29/2026,,35272,Mertyoz,6/22/2026 - 6/28/2026,47972,EQ EQ,,
6/29/2026,,36080,dmo1master,6/22/2026 - 6/28/2026,300,EQ EQ,,
6/29/2026,,36074,dutch,6/22/2026 - 6/28/2026,200,EQ EQ,,
6/29/2026,,36127,michtrading,Up to 06/26/2026,343.8,"Automatically created from payment request ID 37, X Moon",,
6/29/2026,,36101,Lukede,6/24/2026 - 6/28/2026,2383.58,X EQ,,
6/29/2026,,35943,ajrebates,6/9/2026 - 6/28/2026,12258,UN GL,,
6/26/2026,,36127,michtrading,Up to 06/25/2026,160.8,"Automatically created from payment request ID 35, X Moon",,
6/25/2026,,36137,Breylis12,6/15/2026 - 6/21/2026,1215,X MOON,,
6/25/2026,,36148,Yorfibusines,6/15/2026 - 6/21/2026,134,X MOON,,
6/25/2026,,36042,IsmLas,6/15/2026 - 6/21/2026,459,X Moon,,
6/25/2026,,36046,YahyaRascal,6/15/2026 - 6/21/2026,250,X Moon,,
6/25/2026,,36045,jmtradee,6/15/2026 - 6/21/2026,1291,X MOON,,
6/25/2026,,36107,kog2026,6/15/2026 - 6/21/2026,1900,X MOON,,
6/25/2026,,36077,bmx.cash@icloud.com,6/15/2026 - 6/21/2026,1570,X MOON,,
6/25/2026,,36147,Enzo_vip,6/15/2026 - 6/21/2026,1960,X Moon,,
6/25/2026,,36057,LowayGT,6/15/2026 - 6/21/2026,2500,X MOON,,
6/25/2026,,36122,Itssdavy,6/15/2026 - 6/21/2026,5969,X MOON,,
6/25/2026,,36044,Cash97,6/15/2026 - 6/21/2026,9500,X MOON,,
6/25/2026,,36069,Enzol55,6/15/2026 - 6/21/2026,17000,X Moon,,
6/25/2026,,35597,junji2,6/15/2026 - 6/21/2026,12200,UN GL,,
6/25/2026,,35180,jonathanvareymitchell,6/15/2026 - 6/21/2026,52800,UN GL,,
6/25/2026,,35799,junji5,6/15/2026 - 6/21/2026,2400,UN GL,,
6/25/2026,,35198,junjix,6/15/2026 - 6/21/2026,2200,UN GL,,
6/25/2026,,35575,NextStar,6/19/2026 - 6/24/2026,60598.28,X EQ,,
6/24/2026,,35758,Admasters,6/1/2026 - 6/23/2026,1827,X Moon,,
6/24/2026,,35801,EpLagundo84,6/8/2026 - 6/23/2026,2260,X Moon,,
6/23/2026,,36101,Lukede,6/1/2026 - 6/22/2026,1781.79,EQ EQ,,
6/23/2026,,35274,masternev,6/1/2026 - 6/22/2026,10000,Uni gl,,
6/18/2026,,36042,IsmLas,6/8/2026 - 6/14/2026,253,X Moon,,
6/18/2026,,36043,AJPerez,6/1/2026 - 6/14/2026,170,X MOON,,
6/15/2026,,35074,giamax,6/1/2026 - 6/30/2026,5100,XOALA EQ,,
6/11/2026,,35180,jonathanvareymitchell,5/1/2026 - 5/31/2026,40000,bonus may - Xoala moon,,
6/11/2026,,35575,NextStar,6/1/2026 - 6/8/2026,46179.96,x eq,,
6/3/2026,,35926,ReignCapital,5/1/2026 - 5/31/2026,8500,Xoala MOON,,